{
  "properties": {
    "connectionReferences": {
      "shared_commondataserviceforapps": {
        "runtimeSource": "embedded",
        "connection": {
          "connectionReferenceLogicalName": "tfl_sharedcommondataserviceforapps_712a7"
        },
        "api": {
          "name": "shared_commondataserviceforapps"
        }
      }
    },
    "definition": {
      "$schema": "https://schema.management.azure.com/providers/Microsoft.Logic/schemas/2016-06-01/workflowdefinition.json#",
      "contentVersion": "1.0.0.0",
      "parameters": {
        "$connections": {
          "defaultValue": {},
          "type": "Object"
        },
        "$authentication": {
          "defaultValue": {},
          "type": "SecureObject"
        }
      },
      "triggers": {
        "When_a_row_is_added,_modified_or_deleted": {
          "metadata": {
            "operationMetadataId": "69906e62-f9b4-44c6-99b4-3f35c32a07cb"
          },
          "type": "OpenApiConnectionWebhook",
          "inputs": {
            "host": {
              "connectionName": "shared_commondataserviceforapps",
              "operationId": "SubscribeWebhookTrigger",
              "apiId": "/providers/Microsoft.PowerApps/apis/shared_commondataserviceforapps"
            },
            "parameters": {
              "subscriptionRequest/message": 3,
              "subscriptionRequest/entityname": "tfl_observation",
              "subscriptionRequest/scope": 4,
              "subscriptionRequest/filteringattributes": "tfl_isescalatedtocase",
              "subscriptionRequest/runas": 1
            },
            "authentication": "@parameters('$authentication')"
          }
        }
      },
      "actions": {
        "Condition": {
          "actions": {
            "Run_a_Child_Flow": {
              "runAfter": {},
              "metadata": {
                "operationMetadataId": "0462c670-f4c0-4ed5-b959-0df36dcd7d5e"
              },
              "type": "Workflow",
              "inputs": {
                "host": {
                  "workflowReferenceName": "2eb3f81a-9297-ef11-8a69-7c1e520c9258"
                },
                "body": {
                  "text": "@triggerOutputs()?['body/_modifiedby_value']"
                }
              }
            },
            "Create_Case": {
              "runAfter": {
                "Run_a_Child_Flow": [
                  "Succeeded"
                ]
              },
              "metadata": {
                "operationMetadataId": "8e8f33d3-a25e-4a35-b9f0-1ed33784fc39"
              },
              "type": "OpenApiConnection",
              "inputs": {
                "host": {
                  "connectionName": "shared_commondataserviceforapps",
                  "operationId": "CreateRecord",
                  "apiId": "/providers/Microsoft.PowerApps/apis/shared_commondataserviceforapps"
                },
                "parameters": {
                  "entityName": "incidents",
                  "item/title": "@triggerOutputs()?['body/tfl_summary']",
                  "item/customerid_contact@odata.bind": "/contacts(@{body('Run_a_Child_Flow')?['contactrecordid']})",
                  "item/description": "@triggerOutputs()?['body/tfl_description']",
                  "item/ownerid@odata.bind": "/systemusers(@{triggerOutputs()?['body/_modifiedby_value']})"
                },
                "authentication": "@parameters('$authentication')"
              }
            },
            "Update_a_row": {
              "runAfter": {
                "Create_Case": [
                  "Succeeded"
                ]
              },
              "metadata": {
                "operationMetadataId": "b196c9ee-4e6f-4ed4-911c-a63a2a3e23cf"
              },
              "type": "OpenApiConnection",
              "inputs": {
                "host": {
                  "connectionName": "shared_commondataserviceforapps",
                  "operationId": "UpdateRecord",
                  "apiId": "/providers/Microsoft.PowerApps/apis/shared_commondataserviceforapps"
                },
                "parameters": {
                  "entityName": "tfl_observations",
                  "recordId": "@triggerOutputs()?['body/tfl_observationid']",
                  "item/tfl_Case@odata.bind": "/incidents(@{outputs('Create_Case')?['body/incidentid']})",
                  "item/tfl_EscalatedBy@odata.bind": "/systemusers(@{triggerOutputs()?['body/_modifiedby_value']})"
                },
                "authentication": "@parameters('$authentication')"
              }
            },
            "Get_Template": {
              "runAfter": {
                "Update_a_row": [
                  "Succeeded"
                ]
              },
              "metadata": {
                "operationMetadataId": "c0f83945-8129-4fe8-8dda-503ac0776381"
              },
              "type": "OpenApiConnection",
              "inputs": {
                "host": {
                  "connectionName": "shared_commondataserviceforapps",
                  "operationId": "GetItem",
                  "apiId": "/providers/Microsoft.PowerApps/apis/shared_commondataserviceforapps"
                },
                "parameters": {
                  "entityName": "templates",
                  "recordId": "9f9e5fbe-ac97-ef11-8a69-7c1e520c9258"
                },
                "authentication": "@parameters('$authentication')"
              }
            },
            "Perform_an_unbound_action": {
              "runAfter": {
                "Get_Template": [
                  "Succeeded"
                ]
              },
              "metadata": {
                "operationMetadataId": "9700a206-4564-4cff-a5a4-aab70f95645f"
              },
              "type": "OpenApiConnection",
              "inputs": {
                "host": {
                  "connectionName": "shared_commondataserviceforapps",
                  "operationId": "PerformUnboundAction",
                  "apiId": "/providers/Microsoft.PowerApps/apis/shared_commondataserviceforapps"
                },
                "parameters": {
                  "actionName": "SendEmailFromTemplate",
                  "item/TemplateId": "@outputs('Get_Template')?['body/templateid']",
                  "item/Regarding": "/incidents(@{outputs('Create_Case')?['body/incidentid']})",
                  "item/Target": {
                    "email_activity_parties": [
                      {
                        "partyid_systemuser@odata.bind": "/systemusers(@{outputs('Update_a_row')?['body/_tfl_escalatedby_value']})",
                        "participationtypemask": 1
                      },
                      {
                        "partyid_contact@odata.bind": "/systemusers(@{triggerOutputs()?['body/_createdby_value']})",
                        "participationtypemask": 2
                      }
                    ],
                    "@@odata.type": "Microsoft.Dynamics.CRM.email"
                  }
                },
                "authentication": "@parameters('$authentication')"
              }
            }
          },
          "runAfter": {},
          "else": {
            "actions": {
              "Run_a_Child_Flow_2": {
                "runAfter": {},
                "metadata": {
                  "operationMetadataId": "95ba5e2e-383b-4f07-a78b-71a7e7b4e312"
                },
                "type": "Workflow",
                "inputs": {
                  "host": {
                    "workflowReferenceName": "2eb3f81a-9297-ef11-8a69-7c1e520c9258"
                  },
                  "body": {
                    "text": "@triggerOutputs()?['body/_ownerid_value']"
                  }
                }
              },
              "Update_Case": {
                "runAfter": {
                  "Run_a_Child_Flow_2": [
                    "Succeeded"
                  ]
                },
                "metadata": {
                  "operationMetadataId": "6c838c29-05aa-4b56-94b5-efe92cb163f4"
                },
                "type": "OpenApiConnection",
                "inputs": {
                  "host": {
                    "connectionName": "shared_commondataserviceforapps",
                    "operationId": "UpdateRecord",
                    "apiId": "/providers/Microsoft.PowerApps/apis/shared_commondataserviceforapps"
                  },
                  "parameters": {
                    "entityName": "incidents",
                    "recordId": "@triggerOutputs()?['body/_tfl_case_value']",
                    "item/title": "@triggerOutputs()?['body/tfl_summary']",
                    "item/customerid_contact@odata.bind": "/contacts(@{body('Run_a_Child_Flow_2')?['contactrecordid']})",
                    "item/description": "@triggerOutputs()?['body/tfl_description']",
                    "item/ownerid@odata.bind": "/systemusers(@{triggerOutputs()?['body/_modifiedby_value']})"
                  },
                  "authentication": "@parameters('$authentication')"
                }
              }
            }
          },
          "expression": {
            "and": [
              {
                "equals": [
                  "@triggerOutputs()?['body/tfl_isescalatedtocase']",
                  true
                ]
              },
              {
                "equals": [
                  "@triggerOutputs()?['body/_tfl_case_value']",
                  "@null"
                ]
              }
            ]
          },
          "metadata": {
            "operationMetadataId": "086c3569-b433-4d15-9648-fd2d44a1f6bb"
          },
          "type": "If"
        }
      },
      "outputs": {}
    },
    "templateName": ""
  },
  "schemaVersion": "1.0.0.0"
}