{
  "properties": {
    "connectionReferences": {
      "shared_commondataserviceforapps": {
        "runtimeSource": "embedded",
        "connection": {
          "connectionReferenceLogicalName": "tfl_sharedcommondataserviceforapps_712a7"
        },
        "api": {
          "name": "shared_commondataserviceforapps"
        }
      }
    },
    "definition": {
      "$schema": "https://schema.management.azure.com/providers/Microsoft.Logic/schemas/2016-06-01/workflowdefinition.json#",
      "contentVersion": "1.0.0.0",
      "parameters": {
        "$connections": {
          "defaultValue": {},
          "type": "Object"
        },
        "$authentication": {
          "defaultValue": {},
          "type": "SecureObject"
        }
      },
      "triggers": {
        "manual": {
          "metadata": {
            "operationMetadataId": "2e986153-fcd4-4edb-a01d-3655671bba92"
          },
          "type": "Request",
          "kind": "Button",
          "inputs": {
            "schema": {
              "type": "object",
              "properties": {
                "text": {
                  "title": "UserId",
                  "type": "string",
                  "x-ms-dynamically-added": true,
                  "description": "Please enter User Id",
                  "x-ms-content-hint": "TEXT"
                }
              },
              "required": [
                "text"
              ]
            }
          }
        }
      },
      "actions": {
        "Get_User_By_Id": {
          "runAfter": {},
          "metadata": {
            "operationMetadataId": "1417a93e-5431-4ed5-b33b-68240eedeae4"
          },
          "type": "OpenApiConnection",
          "inputs": {
            "host": {
              "connectionName": "shared_commondataserviceforapps",
              "operationId": "GetItem",
              "apiId": "/providers/Microsoft.PowerApps/apis/shared_commondataserviceforapps"
            },
            "parameters": {
              "entityName": "systemusers",
              "recordId": "@triggerBody()['text']"
            },
            "authentication": {
              "type": "Raw",
              "value": "@json(decodeBase64(triggerOutputs().headers['X-MS-APIM-Tokens']))['$ConnectionKey']"
            }
          }
        },
        "Get_Contacts": {
          "runAfter": {
            "Get_User_By_Id": [
              "Succeeded"
            ]
          },
          "metadata": {
            "operationMetadataId": "99731932-7d0f-49bd-82dd-c9e799089d49"
          },
          "type": "OpenApiConnection",
          "inputs": {
            "host": {
              "connectionName": "shared_commondataserviceforapps",
              "operationId": "ListRecords",
              "apiId": "/providers/Microsoft.PowerApps/apis/shared_commondataserviceforapps"
            },
            "parameters": {
              "entityName": "contacts",
              "$filter": "emailaddress1 eq '@{outputs('Get_User_By_Id')?['body/internalemailaddress']}'"
            },
            "authentication": {
              "type": "Raw",
              "value": "@json(decodeBase64(triggerOutputs().headers['X-MS-APIM-Tokens']))['$ConnectionKey']"
            }
          }
        },
        "Condition": {
          "actions": {
            "Create_Contact": {
              "runAfter": {},
              "metadata": {
                "operationMetadataId": "bca7093f-67a6-47e3-ba5e-a0925b6300ae"
              },
              "type": "OpenApiConnection",
              "inputs": {
                "host": {
                  "connectionName": "shared_commondataserviceforapps",
                  "operationId": "CreateRecord",
                  "apiId": "/providers/Microsoft.PowerApps/apis/shared_commondataserviceforapps"
                },
                "parameters": {
                  "entityName": "contacts",
                  "item/lastname": "@outputs('Get_User_By_Id')?['body/lastname']",
                  "item/emailaddress1": "@outputs('Get_User_By_Id')?['body/internalemailaddress']",
                  "item/firstname": "@outputs('Get_User_By_Id')?['body/firstname']"
                },
                "authentication": {
                  "type": "Raw",
                  "value": "@json(decodeBase64(triggerOutputs().headers['X-MS-APIM-Tokens']))['$ConnectionKey']"
                }
              }
            },
            "Set_Contact_Record_Id": {
              "runAfter": {
                "Create_Contact": [
                  "Succeeded"
                ]
              },
              "metadata": {
                "operationMetadataId": "63849884-95d3-4535-bed7-1cfbe16762db"
              },
              "type": "SetVariable",
              "inputs": {
                "name": "contactRecordId",
                "value": "@outputs('Create_Contact')?['body/contactid']"
              }
            }
          },
          "runAfter": {
            "Initialize_Contact_Record_Id": [
              "Succeeded"
            ]
          },
          "else": {
            "actions": {
              "Apply_to_each": {
                "foreach": "@outputs('Get_Contacts')?['body/value']",
                "actions": {
                  "Update_a_row": {
                    "runAfter": {},
                    "metadata": {
                      "operationMetadataId": "0bb3b2e3-130c-45e2-9c90-5bf74b0b8a46"
                    },
                    "type": "OpenApiConnection",
                    "inputs": {
                      "host": {
                        "connectionName": "shared_commondataserviceforapps",
                        "operationId": "UpdateRecord",
                        "apiId": "/providers/Microsoft.PowerApps/apis/shared_commondataserviceforapps"
                      },
                      "parameters": {
                        "entityName": "contacts",
                        "recordId": "@items('Apply_to_each')?['contactid']",
                        "item/firstname": "@items('Apply_to_each')?['firstname']",
                        "item/lastname": "@items('Apply_to_each')?['lastname']"
                      },
                      "authentication": {
                        "type": "Raw",
                        "value": "@json(decodeBase64(triggerOutputs().headers['X-MS-APIM-Tokens']))['$ConnectionKey']"
                      }
                    }
                  }
                },
                "runAfter": {},
                "metadata": {
                  "operationMetadataId": "c630f29b-e5ba-4a4a-a375-234c6a698c70"
                },
                "type": "Foreach"
              },
              "Set_Contact_Record_Id_2": {
                "runAfter": {
                  "Apply_to_each": [
                    "Succeeded"
                  ]
                },
                "metadata": {
                  "operationMetadataId": "5a1dfea6-d955-4033-8661-90449cc32ead"
                },
                "type": "SetVariable",
                "inputs": {
                  "name": "contactRecordId",
                  "value": "@{first(outputs('Get_Contacts')?['body/value'])?['contactid']}"
                }
              }
            }
          },
          "expression": {
            "lessOrEquals": [
              "@length(outputs('Get_Contacts')?['body/value'])",
              0
            ]
          },
          "metadata": {
            "operationMetadataId": "aefb7eda-d865-4b4d-9a5a-82fb0eba2d00"
          },
          "type": "If"
        },
        "Respond_to_a_Power_App_or_flow": {
          "runAfter": {
            "Scope": [
              "Succeeded",
              "Skipped"
            ]
          },
          "metadata": {
            "operationMetadataId": "01333cc4-be25-49a5-8679-ce026cd52577"
          },
          "type": "Response",
          "kind": "PowerApp",
          "inputs": {
            "statusCode": 200,
            "body": {
              "successed": "@{variables('Status')}",
              "contactrecordid": "@variables('contactRecordId')"
            },
            "schema": {
              "type": "object",
              "properties": {
                "successed": {
                  "title": "successed",
                  "x-ms-dynamically-added": true,
                  "type": "string"
                },
                "contactrecordid": {
                  "title": "contactRecordId",
                  "x-ms-dynamically-added": true,
                  "type": "string"
                }
              }
            }
          }
        },
        "Scope": {
          "actions": {
            "Set_Execution_Status": {
              "runAfter": {},
              "metadata": {
                "operationMetadataId": "a6c9593f-b8ab-4bcd-948a-2f7dbedd6793"
              },
              "type": "SetVariable",
              "inputs": {
                "name": "Status",
                "value": false
              }
            }
          },
          "runAfter": {
            "Initialize_Execution_Status": [
              "Failed",
              "TimedOut"
            ]
          },
          "metadata": {
            "operationMetadataId": "bb49bd94-2426-4c5c-8f6a-1f947a4b7ebd"
          },
          "type": "Scope"
        },
        "Initialize_Execution_Status": {
          "runAfter": {
            "Condition": [
              "Succeeded"
            ]
          },
          "metadata": {
            "operationMetadataId": "150f317e-0296-4260-a5c8-2f11f7e806ea"
          },
          "type": "InitializeVariable",
          "inputs": {
            "variables": [
              {
                "name": "Status",
                "type": "boolean",
                "value": true
              }
            ]
          }
        },
        "Initialize_Contact_Record_Id": {
          "runAfter": {
            "Get_Contacts": [
              "Succeeded"
            ]
          },
          "metadata": {
            "operationMetadataId": "f5b93aea-a4c3-408a-9856-4a95f1079298"
          },
          "type": "InitializeVariable",
          "inputs": {
            "variables": [
              {
                "name": "contactRecordId",
                "type": "string"
              }
            ]
          }
        }
      }
    },
    "templateName": ""
  },
  "schemaVersion": "1.0.0.0"
}