<appaction uniquename="tfl__Escalated!7246cd699a3d4925b58b9269d069f214!tfl_ObservationsManagement!tfl_observation!0">
  <appmoduleid>
    <uniquename>tfl_ObservationsManagement</uniquename>
  </appmoduleid>
  <buttonlabeltext default="Escalated">
    <label description="Escalated" languagecode="1033" />
  </buttonlabeltext>
  <buttontooltiptitle default="Escalate as case to operation team.">
    <label description="Escalate as case to operation team." languagecode="1033" />
  </buttontooltiptitle>
  <context>1</context>
  <contextentity>
    <logicalname>tfl_observation</logicalname>
  </contextentity>
  <contextvalue>tfl_observation</contextvalue>
  <fonticon>IssueDetection</fonticon>
  <hidden>0</hidden>
  <iscustomizable>1</iscustomizable>
  <isdisabled>0</isdisabled>
  <isgrouptitlehidden>0</isgrouptitlehidden>
  <location>0</location>
  <name>Escalated!7246cd699a3d4925b58b9269d069f214</name>
  <onclickeventformulacomponentlibraryid>
    <name>tfl_observationsmanagementdefaultcommandlibrary_c0011</name>
  </onclickeventformulacomponentlibraryid>
  <onclickeventformulacomponentname>4a05397839404677ad2729e6717de3e9</onclickeventformulacomponentname>
  <onclickeventformulafunctionname>OnSelect</onclickeventformulafunctionname>
  <onclickeventtype>1</onclickeventtype>
  <origin>0</origin>
  <sequence>100100058.2500000000</sequence>
  <statecode>0</statecode>
  <statuscode>1</statuscode>
  <type>0</type>
  <visibilityformulacomponentlibraryid>
    <name>tfl_observationsmanagementdefaultcommandlibrary_c0011</name>
  </visibilityformulacomponentlibraryid>
  <visibilityformulacomponentname>4a05397839404677ad2729e6717de3e9</visibilityformulacomponentname>
  <visibilityformulafunctionname>Visible</visibilityformulafunctionname>
  <visibilitytype>1</visibilitytype>
</appaction>