<ImportExportXml version="9.2.24095.208" SolutionPackageVersion="9.2" languagecode="1033" generatedBy="CrmLive" xmlns:xsi="http://www.w3.org/2001/XMLSchema-instance" OrganizationVersion="9.2.24095.208" OrganizationSchemaType="Full" CRMServerServiceabilityVersion="9.2.24095.00210">
  <SolutionManifest>
    <UniqueName>TFLNetworkObservations</UniqueName>
    <LocalizedNames>
      <LocalizedName description="TFL Network Observations" languagecode="1033" />
    </LocalizedNames>
    <Descriptions>
      <Description description="TFL Network Observations Solution" languagecode="1033" />
    </Descriptions>
    <Version>1.0.0.19</Version>
    <Managed>0</Managed>
    <Publisher>
      <UniqueName>Transport_for_London</UniqueName>
      <LocalizedNames>
        <LocalizedName description="Transport for London" languagecode="1033" />
      </LocalizedNames>
      <Descriptions>
        <Description description="Transport for London" languagecode="1033" />
      </Descriptions>
      <EMailAddress>mehul.chandroliya@gmail.com</EMailAddress>
      <SupportingWebsiteUrl xsi:nil="true"></SupportingWebsiteUrl>
      <CustomizationPrefix>tfl</CustomizationPrefix>
      <CustomizationOptionValuePrefix>92970</CustomizationOptionValuePrefix>
      <Addresses>
        <Address>
          <AddressNumber>1</AddressNumber>
          <AddressTypeCode>1</AddressTypeCode>
          <City>London</City>
          <County xsi:nil="true"></County>
          <Country>United Kingdom</Country>
          <Fax xsi:nil="true"></Fax>
          <FreightTermsCode xsi:nil="true"></FreightTermsCode>
          <ImportSequenceNumber xsi:nil="true"></ImportSequenceNumber>
          <Latitude xsi:nil="true"></Latitude>
          <Line1 xsi:nil="true"></Line1>
          <Line2 xsi:nil="true"></Line2>
          <Line3 xsi:nil="true"></Line3>
          <Longitude xsi:nil="true"></Longitude>
          <Name xsi:nil="true"></Name>
          <PostalCode>E15 1LX</PostalCode>
          <PostOfficeBox xsi:nil="true"></PostOfficeBox>
          <PrimaryContactName xsi:nil="true"></PrimaryContactName>
          <ShippingMethodCode>1</ShippingMethodCode>
          <StateOrProvince xsi:nil="true"></StateOrProvince>
          <Telephone1>07442260050</Telephone1>
          <Telephone2 xsi:nil="true"></Telephone2>
          <Telephone3 xsi:nil="true"></Telephone3>
          <TimeZoneRuleVersionNumber xsi:nil="true"></TimeZoneRuleVersionNumber>
          <UPSZone xsi:nil="true"></UPSZone>
          <UTCOffset xsi:nil="true"></UTCOffset>
          <UTCConversionTimeZoneCode xsi:nil="true"></UTCConversionTimeZoneCode>
        </Address>
        <Address>
          <AddressNumber>2</AddressNumber>
          <AddressTypeCode>1</AddressTypeCode>
          <City xsi:nil="true"></City>
          <County xsi:nil="true"></County>
          <Country xsi:nil="true"></Country>
          <Fax xsi:nil="true"></Fax>
          <FreightTermsCode xsi:nil="true"></FreightTermsCode>
          <ImportSequenceNumber xsi:nil="true"></ImportSequenceNumber>
          <Latitude xsi:nil="true"></Latitude>
          <Line1 xsi:nil="true"></Line1>
          <Line2 xsi:nil="true"></Line2>
          <Line3 xsi:nil="true"></Line3>
          <Longitude xsi:nil="true"></Longitude>
          <Name xsi:nil="true"></Name>
          <PostalCode xsi:nil="true"></PostalCode>
          <PostOfficeBox xsi:nil="true"></PostOfficeBox>
          <PrimaryContactName xsi:nil="true"></PrimaryContactName>
          <ShippingMethodCode>1</ShippingMethodCode>
          <StateOrProvince xsi:nil="true"></StateOrProvince>
          <Telephone1 xsi:nil="true"></Telephone1>
          <Telephone2 xsi:nil="true"></Telephone2>
          <Telephone3 xsi:nil="true"></Telephone3>
          <TimeZoneRuleVersionNumber xsi:nil="true"></TimeZoneRuleVersionNumber>
          <UPSZone xsi:nil="true"></UPSZone>
          <UTCOffset xsi:nil="true"></UTCOffset>
          <UTCConversionTimeZoneCode xsi:nil="true"></UTCConversionTimeZoneCode>
        </Address>
      </Addresses>
    </Publisher>
    <RootComponents>
      <RootComponent type="1" schemaName="contact" behavior="1" />
      <RootComponent type="1" schemaName="incident" behavior="1" />
      <RootComponent type="1" schemaName="systemuser" behavior="1" />
      <RootComponent type="1" schemaName="tfl_observation" behavior="0" />
      <RootComponent type="1" schemaName="tfl_observationattachment" behavior="0" />
      <RootComponent type="9" schemaName="tfl_imageoverlayedstatus" behavior="0" />
      <RootComponent type="9" schemaName="tfl_observationpriority" behavior="0" />
      <RootComponent type="20" id="{32363269-4596-ef11-8a69-7c1e520c9258}" behavior="0" />
      <RootComponent type="20" id="{805d4306-4796-ef11-8a69-7c1e520c9258}" behavior="0" />
      <RootComponent type="29" id="{2eb3f81a-9297-ef11-8a69-7c1e520c9258}" behavior="0" />
      <RootComponent type="29" id="{78ea8aeb-dd97-ef11-8a69-7c1e520c9258}" behavior="0" />
      <RootComponent type="29" id="{84c83093-1a97-ef11-8a69-7c1e520c9258}" behavior="0" />
      <RootComponent type="36" id="{9f9e5fbe-ac97-ef11-8a69-7c1e520c9258}" behavior="0" />
      <RootComponent type="61" schemaName="tfl_observation.js" behavior="0" />
      <RootComponent type="61" schemaName="tfl_observationIcon" behavior="0" />
      <RootComponent type="62" schemaName="tfl_ObservationsManagement" behavior="0" />
      <RootComponent type="80" schemaName="tfl_ObservationsManagement" behavior="0" />
      <RootComponent type="91" id="{62685aa8-0cbd-4797-9261-3972474c8200}" schemaName="Tfl.Dynamic.Observation.Plugins, Version=1.0.20.0, Culture=neutral, PublicKeyToken=0d8076647b29fd57" behavior="0" />
      <RootComponent type="92" id="{4e0ada84-e697-ef11-8a69-7c1e520c9258}" behavior="0" />
      <RootComponent type="92" id="{7b793d81-3c96-ef11-8a69-7c1e520c9258}" behavior="0" />
      <RootComponent type="161" id="{5395326f-4c99-ef11-8a69-7c1e520c9258}" behavior="0" />
      <RootComponent type="300" schemaName="cre12_tflnetworkobservation_65ecd" behavior="0" />
      <RootComponent type="300" schemaName="tfl_observationsmanagementdefaultcommandlibrary_c0011" behavior="0" />
      <RootComponent type="431" schemaName="tfl_observationattachment tfl_photo" behavior="0" />
      <RootComponent type="432" schemaName="tfl_observationattachment" behavior="0" />
    </RootComponents>
    <MissingDependencies>
      <MissingDependency>
        <Required type="1" schemaName="contract" displayName="Contract" solution="msdynce_Service (9.0.5.56)">
          <package>msdynce_ServiceAnchor (9.0.24093.1008)</package>
        </Required>
        <Dependent type="60" displayName="Case" parentDisplayName="Case" id="{4a63c8d1-6c1e-48ec-9db4-3e6c7155334c}" />
      </MissingDependency>
      <MissingDependency>
        <Required type="1" schemaName="incident" displayName="Case" solution="msdynce_Service (9.0.5.56)">
          <package>msdynce_ServiceAnchor (9.0.24093.1008)</package>
        </Required>
        <Dependent type="1" schemaName="incident" displayName="Case" />
      </MissingDependency>
      <MissingDependency>
        <Required type="1" schemaName="incident" displayName="Case" solution="msdynce_Service (9.0.5.56)">
          <package>msdynce_ServiceAnchor (9.0.24093.1008)</package>
        </Required>
        <Dependent type="29" displayName="TFL - Escalate Network Observation to Operation Team" id="{84c83093-1a97-ef11-8a69-7c1e520c9258}" />
      </MissingDependency>
      <MissingDependency>
        <Required type="1" schemaName="incident" displayName="Case" solution="msdynce_Service (9.0.5.56)">
          <package>msdynce_ServiceAnchor (9.0.24093.1008)</package>
        </Required>
        <Dependent type="36" displayName="TFL - Case Creation Email to Observer Template" id="{9f9e5fbe-ac97-ef11-8a69-7c1e520c9258}" />
      </MissingDependency>
      <MissingDependency>
        <Required type="1" schemaName="incident" displayName="Case" solution="msdynce_Service (9.0.5.56)">
          <package>msdynce_ServiceAnchor (9.0.24093.1008)</package>
        </Required>
        <Dependent type="62" schemaName="tfl_ObservationsManagement" />
      </MissingDependency>
      <MissingDependency>
        <Required type="1" schemaName="incident" displayName="Case" solution="msdynce_Service (9.0.5.56)">
          <package>msdynce_ServiceAnchor (9.0.24093.1008)</package>
        </Required>
        <Dependent type="80" schemaName="tfl_ObservationsManagement" displayName="TFL Network Observations Management" />
      </MissingDependency>
      <MissingDependency>
        <Required type="1" schemaName="knowledgearticleincident" displayName="Knowledge Article Incident" solution="msdynce_Service (9.0.5.56)">
          <package>msdynce_ServiceAnchor (9.0.24093.1008)</package>
        </Required>
        <Dependent type="60" displayName="Case" parentDisplayName="Case" id="{4a63c8d1-6c1e-48ec-9db4-3e6c7155334c}" />
      </MissingDependency>
      <MissingDependency>
        <Required type="2" schemaName="adx_publishtoweb" displayName="Publish to Web" parentSchemaName="incident" parentDisplayName="Case" solution="CustomerService (9.3.2306.0)">
          <package>CustomerPortal (9.3.2302.109)</package>
        </Required>
        <Dependent type="60" displayName="Case" parentDisplayName="Case" id="{4a63c8d1-6c1e-48ec-9db4-3e6c7155334c}" />
      </MissingDependency>
      <MissingDependency>
        <Required type="2" schemaName="adx_resolution" displayName="Resolution" parentSchemaName="incident" parentDisplayName="Case" solution="CustomerService (9.3.2306.0)">
          <package>CustomerPortal (9.3.2302.109)</package>
        </Required>
        <Dependent type="60" displayName="Case" parentDisplayName="Case" id="{4a63c8d1-6c1e-48ec-9db4-3e6c7155334c}" />
      </MissingDependency>
      <MissingDependency>
        <Required type="2" schemaName="adx_resolutiondate" displayName="Resolution Date" parentSchemaName="incident" parentDisplayName="Case" solution="CustomerService (9.3.2306.0)">
          <package>CustomerPortal (9.3.2302.109)</package>
        </Required>
        <Dependent type="60" displayName="Case" parentDisplayName="Case" id="{4a63c8d1-6c1e-48ec-9db4-3e6c7155334c}" />
      </MissingDependency>
      <MissingDependency>
        <Required type="2" schemaName="adx_stepstoreproduce" displayName="Steps to Reproduce" parentSchemaName="incident" parentDisplayName="Case" solution="CustomerService (9.3.2306.0)">
          <package>CustomerPortal (9.3.2302.109)</package>
        </Required>
        <Dependent type="60" displayName="Case" parentDisplayName="Case" id="{4a63c8d1-6c1e-48ec-9db4-3e6c7155334c}" />
      </MissingDependency>
      <MissingDependency>
        <Required type="2" schemaName="blockedprofile" displayName="Blocked Profile" parentSchemaName="incident" parentDisplayName="Case" solution="msdynce_Service (9.0.5.56)">
          <package>msdynce_ServiceAnchor (9.0.24093.1008)</package>
        </Required>
        <Dependent type="60" displayName="Case" parentDisplayName="Case" id="{4a63c8d1-6c1e-48ec-9db4-3e6c7155334c}" />
      </MissingDependency>
      <MissingDependency>
        <Required type="2" schemaName="caseorigincode" displayName="Origin" parentSchemaName="incident" parentDisplayName="Case" solution="msdynce_Service (9.0.5.56)">
          <package>msdynce_ServiceAnchor (9.0.24093.1008)</package>
        </Required>
        <Dependent type="60" displayName="Case" parentDisplayName="Case" id="{4a63c8d1-6c1e-48ec-9db4-3e6c7155334c}" />
      </MissingDependency>
      <MissingDependency>
        <Required type="2" schemaName="casetypecode" displayName="Case Type" parentSchemaName="incident" parentDisplayName="Case" solution="msdynce_Service (9.0.5.56)">
          <package>msdynce_ServiceAnchor (9.0.24093.1008)</package>
        </Required>
        <Dependent type="60" displayName="Case" parentDisplayName="Case" id="{4a63c8d1-6c1e-48ec-9db4-3e6c7155334c}" />
      </MissingDependency>
      <MissingDependency>
        <Required type="2" schemaName="contractdetailid" displayName="Contract Line" parentSchemaName="incident" parentDisplayName="Case" solution="msdynce_Service (9.0.5.56)">
          <package>msdynce_ServiceAnchor (9.0.24093.1008)</package>
        </Required>
        <Dependent type="60" displayName="Case" parentDisplayName="Case" id="{4a63c8d1-6c1e-48ec-9db4-3e6c7155334c}" />
      </MissingDependency>
      <MissingDependency>
        <Required type="2" schemaName="contractid" displayName="Contract" parentSchemaName="incident" parentDisplayName="Case" solution="msdynce_Service (9.0.5.56)">
          <package>msdynce_ServiceAnchor (9.0.24093.1008)</package>
        </Required>
        <Dependent type="60" displayName="Case" parentDisplayName="Case" id="{4a63c8d1-6c1e-48ec-9db4-3e6c7155334c}" />
      </MissingDependency>
      <MissingDependency>
        <Required type="2" schemaName="contractservicelevelcode" displayName="Service Level" parentSchemaName="incident" parentDisplayName="Case" solution="msdynce_Service (9.0.5.56)">
          <package>msdynce_ServiceAnchor (9.0.24093.1008)</package>
        </Required>
        <Dependent type="60" displayName="Case" parentDisplayName="Case" id="{4a63c8d1-6c1e-48ec-9db4-3e6c7155334c}" />
      </MissingDependency>
      <MissingDependency>
        <Required type="2" schemaName="createdon" displayName="Created On" parentSchemaName="incident" parentDisplayName="Case" solution="msdynce_Service (9.0.5.56)">
          <package>msdynce_ServiceAnchor (9.0.24093.1008)</package>
        </Required>
        <Dependent type="60" displayName="Case" parentDisplayName="Case" id="{4a63c8d1-6c1e-48ec-9db4-3e6c7155334c}" />
      </MissingDependency>
      <MissingDependency>
        <Required type="2" schemaName="customerid" displayName="Customer" parentSchemaName="incident" parentDisplayName="Case" solution="msdynce_Service (9.0.5.56)">
          <package>msdynce_ServiceAnchor (9.0.24093.1008)</package>
        </Required>
        <Dependent type="36" displayName="TFL - Case Creation Email to Observer Template" id="{9f9e5fbe-ac97-ef11-8a69-7c1e520c9258}" />
      </MissingDependency>
      <MissingDependency>
        <Required type="2" schemaName="customerid" displayName="Customer" parentSchemaName="incident" parentDisplayName="Case" solution="msdynce_Service (9.0.5.56)">
          <package>msdynce_ServiceAnchor (9.0.24093.1008)</package>
        </Required>
        <Dependent type="60" displayName="Case" parentDisplayName="Case" id="{4a63c8d1-6c1e-48ec-9db4-3e6c7155334c}" />
      </MissingDependency>
      <MissingDependency>
        <Required type="2" schemaName="description" displayName="Description" parentSchemaName="incident" parentDisplayName="Case" solution="msdynce_Service (9.0.5.56)">
          <package>msdynce_ServiceAnchor (9.0.24093.1008)</package>
        </Required>
        <Dependent type="60" displayName="Case" parentDisplayName="Case" id="{4a63c8d1-6c1e-48ec-9db4-3e6c7155334c}" />
      </MissingDependency>
      <MissingDependency>
        <Required type="2" schemaName="entitlementid" displayName="Entitlement" parentSchemaName="incident" parentDisplayName="Case" solution="msdynce_Service (9.0.5.56)">
          <package>msdynce_ServiceAnchor (9.0.24093.1008)</package>
        </Required>
        <Dependent type="60" displayName="Case" parentDisplayName="Case" id="{4a63c8d1-6c1e-48ec-9db4-3e6c7155334c}" />
      </MissingDependency>
      <MissingDependency>
        <Required type="2" schemaName="escalatedon" displayName="Escalated On" parentSchemaName="incident" parentDisplayName="Case" solution="msdynce_Service (9.0.5.56)">
          <package>msdynce_ServiceAnchor (9.0.24093.1008)</package>
        </Required>
        <Dependent type="60" displayName="Case" parentDisplayName="Case" id="{4a63c8d1-6c1e-48ec-9db4-3e6c7155334c}" />
      </MissingDependency>
      <MissingDependency>
        <Required type="2" schemaName="firstresponsebykpiid" displayName="First Response By KPI" parentSchemaName="incident" parentDisplayName="Case" solution="msdynce_Service (9.0.5.56)">
          <package>msdynce_ServiceAnchor (9.0.24093.1008)</package>
        </Required>
        <Dependent type="60" displayName="Case" parentDisplayName="Case" id="{4a63c8d1-6c1e-48ec-9db4-3e6c7155334c}" />
      </MissingDependency>
      <MissingDependency>
        <Required type="2" schemaName="firstresponsesent" displayName="First Response Sent" parentSchemaName="incident" parentDisplayName="Case" solution="msdynce_Service (9.0.5.56)">
          <package>msdynce_ServiceAnchor (9.0.24093.1008)</package>
        </Required>
        <Dependent type="60" displayName="Case" parentDisplayName="Case" id="{4a63c8d1-6c1e-48ec-9db4-3e6c7155334c}" />
      </MissingDependency>
      <MissingDependency>
        <Required type="2" schemaName="followupby" displayName="Follow Up By" parentSchemaName="incident" parentDisplayName="Case" solution="msdynce_Service (9.0.5.56)">
          <package>msdynce_ServiceAnchor (9.0.24093.1008)</package>
        </Required>
        <Dependent type="60" displayName="Case" parentDisplayName="Case" id="{4a63c8d1-6c1e-48ec-9db4-3e6c7155334c}" />
      </MissingDependency>
      <MissingDependency>
        <Required type="2" schemaName="incidentid" displayName="Case" parentSchemaName="incident" parentDisplayName="Case" solution="msdynce_Service (9.0.5.56)">
          <package>msdynce_ServiceAnchor (9.0.24093.1008)</package>
        </Required>
        <Dependent type="36" displayName="TFL - Case Creation Email to Observer Template" id="{9f9e5fbe-ac97-ef11-8a69-7c1e520c9258}" />
      </MissingDependency>
      <MissingDependency>
        <Required type="2" schemaName="incidentid" displayName="Case" parentSchemaName="incident" parentDisplayName="Case" solution="msdynce_Service (9.0.5.56)">
          <package>msdynce_ServiceAnchor (9.0.24093.1008)</package>
        </Required>
        <Dependent type="60" displayName="Case" parentDisplayName="Case" id="{4a63c8d1-6c1e-48ec-9db4-3e6c7155334c}" />
      </MissingDependency>
      <MissingDependency>
        <Required type="2" schemaName="influencescore" displayName="Influence Score" parentSchemaName="incident" parentDisplayName="Case" solution="msdynce_Service (9.0.5.56)">
          <package>msdynce_ServiceAnchor (9.0.24093.1008)</package>
        </Required>
        <Dependent type="60" displayName="Case" parentDisplayName="Case" id="{4a63c8d1-6c1e-48ec-9db4-3e6c7155334c}" />
      </MissingDependency>
      <MissingDependency>
        <Required type="2" schemaName="isescalated" displayName="Is Escalated" parentSchemaName="incident" parentDisplayName="Case" solution="msdynce_Service (9.0.5.56)">
          <package>msdynce_ServiceAnchor (9.0.24093.1008)</package>
        </Required>
        <Dependent type="60" displayName="Case" parentDisplayName="Case" id="{4a63c8d1-6c1e-48ec-9db4-3e6c7155334c}" />
      </MissingDependency>
      <MissingDependency>
        <Required type="2" schemaName="kbarticleid" displayName="Knowledge Base Article" parentSchemaName="incident" parentDisplayName="Case" solution="msdynce_Service (9.0.5.56)">
          <package>msdynce_ServiceAnchor (9.0.24093.1008)</package>
        </Required>
        <Dependent type="60" displayName="Case" parentDisplayName="Case" id="{4a63c8d1-6c1e-48ec-9db4-3e6c7155334c}" />
      </MissingDependency>
      <MissingDependency>
        <Required type="2" schemaName="messagetypecode" displayName="Received As" parentSchemaName="incident" parentDisplayName="Case" solution="msdynce_Service (9.0.5.56)">
          <package>msdynce_ServiceAnchor (9.0.24093.1008)</package>
        </Required>
        <Dependent type="60" displayName="Case" parentDisplayName="Case" id="{4a63c8d1-6c1e-48ec-9db4-3e6c7155334c}" />
      </MissingDependency>
      <MissingDependency>
        <Required type="2" schemaName="ownerid" displayName="Owner" parentSchemaName="incident" parentDisplayName="Case" solution="msdynce_Service (9.0.5.56)">
          <package>msdynce_ServiceAnchor (9.0.24093.1008)</package>
        </Required>
        <Dependent type="60" displayName="Case" parentDisplayName="Case" id="{4a63c8d1-6c1e-48ec-9db4-3e6c7155334c}" />
      </MissingDependency>
      <MissingDependency>
        <Required type="2" schemaName="parentcaseid" displayName="Parent Case" parentSchemaName="incident" parentDisplayName="Case" solution="msdynce_Service (9.0.5.56)">
          <package>msdynce_ServiceAnchor (9.0.24093.1008)</package>
        </Required>
        <Dependent type="60" displayName="Case" parentDisplayName="Case" id="{4a63c8d1-6c1e-48ec-9db4-3e6c7155334c}" />
      </MissingDependency>
      <MissingDependency>
        <Required type="2" schemaName="primarycontactid" displayName="Contact" parentSchemaName="incident" parentDisplayName="Case" solution="msdynce_Service (9.0.5.56)">
          <package>msdynce_ServiceAnchor (9.0.24093.1008)</package>
        </Required>
        <Dependent type="60" displayName="Case" parentDisplayName="Case" id="{4a63c8d1-6c1e-48ec-9db4-3e6c7155334c}" />
      </MissingDependency>
      <MissingDependency>
        <Required type="2" schemaName="prioritycode" displayName="Priority" parentSchemaName="incident" parentDisplayName="Case" solution="msdynce_Service (9.0.5.56)">
          <package>msdynce_ServiceAnchor (9.0.24093.1008)</package>
        </Required>
        <Dependent type="60" displayName="Case" parentDisplayName="Case" id="{4a63c8d1-6c1e-48ec-9db4-3e6c7155334c}" />
      </MissingDependency>
      <MissingDependency>
        <Required type="2" schemaName="productid" displayName="Product" parentSchemaName="incident" parentDisplayName="Case" solution="msdynce_Service (9.0.5.56)">
          <package>msdynce_ServiceAnchor (9.0.24093.1008)</package>
        </Required>
        <Dependent type="60" displayName="Case" parentDisplayName="Case" id="{4a63c8d1-6c1e-48ec-9db4-3e6c7155334c}" />
      </MissingDependency>
      <MissingDependency>
        <Required type="2" schemaName="productserialnumber" displayName="Serial Number" parentSchemaName="incident" parentDisplayName="Case" solution="msdynce_Service (9.0.5.56)">
          <package>msdynce_ServiceAnchor (9.0.24093.1008)</package>
        </Required>
        <Dependent type="60" displayName="Case" parentDisplayName="Case" id="{4a63c8d1-6c1e-48ec-9db4-3e6c7155334c}" />
      </MissingDependency>
      <MissingDependency>
        <Required type="2" schemaName="resolveby" displayName="Resolve By" parentSchemaName="incident" parentDisplayName="Case" solution="msdynce_Service (9.0.5.56)">
          <package>msdynce_ServiceAnchor (9.0.24093.1008)</package>
        </Required>
        <Dependent type="60" displayName="Case" parentDisplayName="Case" id="{4a63c8d1-6c1e-48ec-9db4-3e6c7155334c}" />
      </MissingDependency>
      <MissingDependency>
        <Required type="2" schemaName="resolvebykpiid" displayName="Resolve By KPI" parentSchemaName="incident" parentDisplayName="Case" solution="msdynce_Service (9.0.5.56)">
          <package>msdynce_ServiceAnchor (9.0.24093.1008)</package>
        </Required>
        <Dependent type="60" displayName="Case" parentDisplayName="Case" id="{4a63c8d1-6c1e-48ec-9db4-3e6c7155334c}" />
      </MissingDependency>
      <MissingDependency>
        <Required type="2" schemaName="responseby" displayName="First Response By" parentSchemaName="incident" parentDisplayName="Case" solution="msdynce_Service (9.0.5.56)">
          <package>msdynce_ServiceAnchor (9.0.24093.1008)</package>
        </Required>
        <Dependent type="60" displayName="Case" parentDisplayName="Case" id="{4a63c8d1-6c1e-48ec-9db4-3e6c7155334c}" />
      </MissingDependency>
      <MissingDependency>
        <Required type="2" schemaName="routecase" displayName="Route Case" parentSchemaName="incident" parentDisplayName="Case" solution="msdynce_Service (9.0.5.56)">
          <package>msdynce_ServiceAnchor (9.0.24093.1008)</package>
        </Required>
        <Dependent type="60" displayName="Case" parentDisplayName="Case" id="{4a63c8d1-6c1e-48ec-9db4-3e6c7155334c}" />
      </MissingDependency>
      <MissingDependency>
        <Required type="2" schemaName="sentimentvalue" displayName="Sentiment Value" parentSchemaName="incident" parentDisplayName="Case" solution="msdynce_Service (9.0.5.56)">
          <package>msdynce_ServiceAnchor (9.0.24093.1008)</package>
        </Required>
        <Dependent type="60" displayName="Case" parentDisplayName="Case" id="{4a63c8d1-6c1e-48ec-9db4-3e6c7155334c}" />
      </MissingDependency>
      <MissingDependency>
        <Required type="2" schemaName="socialprofileid" displayName="Social Profile" parentSchemaName="incident" parentDisplayName="Case" solution="msdynce_Service (9.0.5.56)">
          <package>msdynce_ServiceAnchor (9.0.24093.1008)</package>
        </Required>
        <Dependent type="60" displayName="Case" parentDisplayName="Case" id="{4a63c8d1-6c1e-48ec-9db4-3e6c7155334c}" />
      </MissingDependency>
      <MissingDependency>
        <Required type="2" schemaName="statuscode" displayName="Status Reason" parentSchemaName="incident" parentDisplayName="Case" solution="msdynce_Service (9.0.5.56)">
          <package>msdynce_ServiceAnchor (9.0.24093.1008)</package>
        </Required>
        <Dependent type="60" displayName="Case" parentDisplayName="Case" id="{4a63c8d1-6c1e-48ec-9db4-3e6c7155334c}" />
      </MissingDependency>
      <MissingDependency>
        <Required type="2" schemaName="subjectid" displayName="Subject" parentSchemaName="incident" parentDisplayName="Case" solution="msdynce_Service (9.0.5.56)">
          <package>msdynce_ServiceAnchor (9.0.24093.1008)</package>
        </Required>
        <Dependent type="60" displayName="Case" parentDisplayName="Case" id="{4a63c8d1-6c1e-48ec-9db4-3e6c7155334c}" />
      </MissingDependency>
      <MissingDependency>
        <Required type="2" schemaName="ticketnumber" displayName="Case Number" parentSchemaName="incident" parentDisplayName="Case" solution="msdynce_Service (9.0.5.56)">
          <package>msdynce_ServiceAnchor (9.0.24093.1008)</package>
        </Required>
        <Dependent type="36" displayName="TFL - Case Creation Email to Observer Template" id="{9f9e5fbe-ac97-ef11-8a69-7c1e520c9258}" />
      </MissingDependency>
      <MissingDependency>
        <Required type="2" schemaName="ticketnumber" displayName="Case Number" parentSchemaName="incident" parentDisplayName="Case" solution="msdynce_Service (9.0.5.56)">
          <package>msdynce_ServiceAnchor (9.0.24093.1008)</package>
        </Required>
        <Dependent type="60" displayName="Case" parentDisplayName="Case" id="{4a63c8d1-6c1e-48ec-9db4-3e6c7155334c}" />
      </MissingDependency>
      <MissingDependency>
        <Required type="2" schemaName="title" displayName="Case Title" parentSchemaName="incident" parentDisplayName="Case" solution="msdynce_Service (9.0.5.56)">
          <package>msdynce_ServiceAnchor (9.0.24093.1008)</package>
        </Required>
        <Dependent type="10" schemaName="tfl_observation_Case_incident" displayName="tfl_observation_Case_incident" parentSchemaName="incident" parentDisplayName="Case" />
      </MissingDependency>
      <MissingDependency>
        <Required type="2" schemaName="title" displayName="Case Title" parentSchemaName="incident" parentDisplayName="Case" solution="msdynce_Service (9.0.5.56)">
          <package>msdynce_ServiceAnchor (9.0.24093.1008)</package>
        </Required>
        <Dependent type="36" displayName="TFL - Case Creation Email to Observer Template" id="{9f9e5fbe-ac97-ef11-8a69-7c1e520c9258}" />
      </MissingDependency>
      <MissingDependency>
        <Required type="2" schemaName="title" displayName="Case Title" parentSchemaName="incident" parentDisplayName="Case" solution="msdynce_Service (9.0.5.56)">
          <package>msdynce_ServiceAnchor (9.0.24093.1008)</package>
        </Required>
        <Dependent type="60" displayName="Case" parentDisplayName="Case" id="{4a63c8d1-6c1e-48ec-9db4-3e6c7155334c}" />
      </MissingDependency>
      <MissingDependency>
        <Required type="2" schemaName="traversedpath" displayName="(Deprecated) Traversed Path" parentSchemaName="incident" parentDisplayName="Case" solution="msdynce_Service (9.0.5.56)">
          <package>msdynce_ServiceAnchor (9.0.24093.1008)</package>
        </Required>
        <Dependent type="60" displayName="Case" parentDisplayName="Case" id="{4a63c8d1-6c1e-48ec-9db4-3e6c7155334c}" />
      </MissingDependency>
      <MissingDependency>
        <Required type="26" schemaName="Associated Knowledge Records View" displayName="Associated Knowledge Records View" parentSchemaName="knowledgearticleincident" parentDisplayName="Knowledge Article Incident" solution="msdynce_Service (9.0.5.56)" id="{4ce7d553-9bba-4d8f-b209-899af9d3937c}">
          <package>msdynce_ServiceAnchor (9.0.24093.1008)</package>
        </Required>
        <Dependent type="60" displayName="Case" parentDisplayName="Case" id="{4a63c8d1-6c1e-48ec-9db4-3e6c7155334c}" />
      </MissingDependency>
      <MissingDependency>
        <Required type="26" schemaName="Active Products Lookup View" displayName="Active Products Lookup View" parentSchemaName="product" parentDisplayName="Product" solution="msdynce_ProductManagement (9.0.4.0066)" id="{58afc3c5-8add-4552-98cb-473bc8f75619}">
          <package>msdynce_ProductManagementAnchor (9.0.24094.10004)</package>
        </Required>
        <Dependent type="60" displayName="Case" parentDisplayName="Case" id="{4a63c8d1-6c1e-48ec-9db4-3e6c7155334c}" />
      </MissingDependency>
      <MissingDependency>
        <Required type="26" schemaName="Active Contracts" displayName="Active Contracts" parentSchemaName="contract" parentDisplayName="Contract" solution="msdynce_Service (9.0.5.56)" id="{646de3ee-ebfb-4d19-8a44-4a619505e188}">
          <package>msdynce_ServiceAnchor (9.0.24093.1008)</package>
        </Required>
        <Dependent type="60" displayName="Case" parentDisplayName="Case" id="{4a63c8d1-6c1e-48ec-9db4-3e6c7155334c}" />
      </MissingDependency>
      <MissingDependency>
        <Required type="26" schemaName="Associated Cases" displayName="Associated Cases" parentSchemaName="incident" parentDisplayName="Case" solution="msdynce_Service (9.0.5.56)" id="{72210bbb-d9d5-42df-8efd-39395a3cd7a7}">
          <package>msdynce_ServiceAnchor (9.0.24093.1008)</package>
        </Required>
        <Dependent type="60" displayName="Case" parentDisplayName="Case" id="{4a63c8d1-6c1e-48ec-9db4-3e6c7155334c}" />
      </MissingDependency>
      <MissingDependency>
        <Required type="26" schemaName="Contract Line With Allotments" displayName="Contract Line With Allotments" parentSchemaName="contractdetail" parentDisplayName="Contract Line" solution="msdynce_Service (9.0.5.56)" id="{8fa2705c-7e4c-4c0e-b611-4593b35a4c9e}">
          <package>msdynce_ServiceAnchor (9.0.24093.1008)</package>
        </Required>
        <Dependent type="60" displayName="Case" parentDisplayName="Case" id="{4a63c8d1-6c1e-48ec-9db4-3e6c7155334c}" />
      </MissingDependency>
      <MissingDependency>
        <Required type="26" schemaName="Valid Entitlements for Cases" displayName="Valid Entitlements for Cases" parentSchemaName="entitlement" parentDisplayName="Entitlement" solution="msdynce_Service (9.0.5.56)" id="{e7ea283b-0490-4956-939b-3325e0798fb8}">
          <package>msdynce_ServiceAnchor (9.0.24093.1008)</package>
        </Required>
        <Dependent type="60" displayName="Case" parentDisplayName="Case" id="{4a63c8d1-6c1e-48ec-9db4-3e6c7155334c}" />
      </MissingDependency>
      <MissingDependency>
        <Required type="60" displayName="Resolve By SLA" parentDisplayName="SLA KPI Instance" solution="msdynce_ServiceLevelAgreement (9.0.24095.2000)" id="{19b14c51-3d43-4d56-ab34-49c540bf468c}">
          <package>msdynce_ServiceLevelAgreementAnchor (9.0.24095.2000)</package>
        </Required>
        <Dependent type="60" displayName="Case" parentDisplayName="Case" id="{4a63c8d1-6c1e-48ec-9db4-3e6c7155334c}" />
      </MissingDependency>
      <MissingDependency>
        <Required type="60" displayName="Case" parentDisplayName="Case" solution="msdynce_Service (9.0.5.56)" id="{4a63c8d1-6c1e-48ec-9db4-3e6c7155334c}">
          <package>msdynce_ServiceAnchor (9.0.24093.1008)</package>
        </Required>
        <Dependent type="60" displayName="Case" parentDisplayName="Case" id="{4a63c8d1-6c1e-48ec-9db4-3e6c7155334c}" />
      </MissingDependency>
      <MissingDependency>
        <Required type="60" displayName="contact card" parentDisplayName="Contact" solution="msdynce_AppCommon (9.0.4.0066)" id="{707fc57b-c5e6-471b-a180-e37ed28a38e2}">
          <package>msdynce_AppCommonAnchor (9.0.24095.10001)</package>
        </Required>
        <Dependent type="60" displayName="Case" parentDisplayName="Case" id="{4a63c8d1-6c1e-48ec-9db4-3e6c7155334c}" />
      </MissingDependency>
      <MissingDependency>
        <Required type="60" displayName="account card" parentDisplayName="Account" solution="msdynce_AppCommon (9.0.4.0066)" id="{b028db32-3619-48a5-ac51-cf3f947b0ef3}">
          <package>msdynce_AppCommonAnchor (9.0.24095.10001)</package>
        </Required>
        <Dependent type="60" displayName="Case" parentDisplayName="Case" id="{4a63c8d1-6c1e-48ec-9db4-3e6c7155334c}" />
      </MissingDependency>
      <MissingDependency>
        <Required type="60" displayName="First Response SLA" parentDisplayName="SLA KPI Instance" solution="msdynce_ServiceLevelAgreement (9.0.24095.2000)" id="{ede9dac3-e143-4be4-acc8-237309e31210}">
          <package>msdynce_ServiceLevelAgreementAnchor (9.0.24095.2000)</package>
        </Required>
        <Dependent type="60" displayName="Case" parentDisplayName="Case" id="{4a63c8d1-6c1e-48ec-9db4-3e6c7155334c}" />
      </MissingDependency>
      <MissingDependency>
        <Required type="61" schemaName="msdyn_/Images/AppModule_Default_Icon.png" displayName="msdyn_/Images/AppModule_Default_Icon.png" solution="AppModuleWebResources (2.5)" />
        <Dependent type="80" schemaName="tfl_ObservationsManagement" displayName="TFL Network Observations Management" />
      </MissingDependency>
      <MissingDependency>
        <Required type="61" schemaName="msdyn_CopilotCaseSummaryLibrary.js" displayName="msdyn_CopilotCaseSummaryLibrary.js" solution="msdyn_CSIntelligence (9.2.24093.1024)">
          <package>msdyn_ServiceIntelligenceAnchor (9.2.24093.1024)</package>
        </Required>
        <Dependent type="60" displayName="Case" parentDisplayName="Case" id="{4a63c8d1-6c1e-48ec-9db4-3e6c7155334c}" />
      </MissingDependency>
      <MissingDependency>
        <Required type="66" schemaName="MscrmControls.AcceleratedSales.AnchorShellGridControl" displayName="MscrmControls.AcceleratedSales.AnchorShellGridControl" solution="msdyn_acceleratedsales (9.1.24095.10006)">
          <package>msdyn_AcceleratedSalesAnchor (9.1.24095.10006)</package>
        </Required>
        <Dependent type="68" id="{f90150a1-c58c-49e0-a78c-e0c406e6be86}" />
      </MissingDependency>
      <MissingDependency>
        <Required type="66" schemaName="MscrmControls.CardFeedContainer.CardFeedContainer" displayName="MscrmControls.CardFeedContainer.CardFeedContainer" solution="BaseCustomControlsCore (9.0.2409.5009)">
          <package>BaseCustomControlsCore (9.0.2409.5009)</package>
        </Required>
        <Dependent type="60" displayName="Case" parentDisplayName="Case" id="{4a63c8d1-6c1e-48ec-9db4-3e6c7155334c}" />
      </MissingDependency>
      <MissingDependency>
        <Required type="66" schemaName="MscrmControls.CSIntelligence.CopilotCaseSummaryControl" displayName="MscrmControls.CSIntelligence.CopilotCaseSummaryControl" solution="msdyn_CSIntelligence (9.2.24093.1024)">
          <package>msdyn_ServiceIntelligenceAnchor (9.2.24093.1024)</package>
        </Required>
        <Dependent type="60" displayName="Case" parentDisplayName="Case" id="{4a63c8d1-6c1e-48ec-9db4-3e6c7155334c}" />
      </MissingDependency>
      <MissingDependency>
        <Required type="66" schemaName="MscrmControls.FieldControls.ToggleControl" displayName="MscrmControls.FieldControls.ToggleControl" solution="BaseCustomControlsCore (9.0.2409.5009)">
          <package>BaseCustomControlsCore (9.0.2409.5009)</package>
        </Required>
        <Dependent type="60" displayName="Information" parentDisplayName="Observation" id="{0bb49526-d070-4320-b103-a444d0ea213e}" />
      </MissingDependency>
      <MissingDependency>
        <Required type="66" schemaName="MscrmControls.Grid.GridControl" displayName="MscrmControls.Grid.GridControl" solution="BaseCustomControlsCore (9.0.2409.5009)">
          <package>BaseCustomControlsCore (9.0.2409.5009)</package>
        </Required>
        <Dependent type="60" displayName="Information" parentDisplayName="Observation" id="{0bb49526-d070-4320-b103-a444d0ea213e}" />
      </MissingDependency>
      <MissingDependency>
        <Required type="66" schemaName="MscrmControls.OptionSet.OptionSetControl" displayName="MscrmControls.OptionSet.OptionSetControl" solution="CustomControlsCore (9.2.24095.00208)">
          <package>CustomControlsCore (9.2.24095.00208)</package>
        </Required>
        <Dependent type="60" displayName="Information" parentDisplayName="Observation" id="{0bb49526-d070-4320-b103-a444d0ea213e}" />
      </MissingDependency>
      <MissingDependency>
        <Required type="66" schemaName="MscrmControls.RichTextEditor.RichTextEditorControl" displayName="MscrmControls.RichTextEditor.RichTextEditorControl" solution="msdyn_RichTextEditor (1.0.0.3932)">
          <package>msdyn_TimelineExtended (1.0.0.1352)</package>
          <package>msdynce_EnableUCIByDefault (9.0.1.1996)</package>
        </Required>
        <Dependent type="60" displayName="Case" parentDisplayName="Case" id="{4a63c8d1-6c1e-48ec-9db4-3e6c7155334c}" />
      </MissingDependency>
      <MissingDependency>
        <Required type="appactionrule" displayName="msdyn_Mscrm.CanWritePrimary!0" solution="msdyn_SystemAppActions (9.1.0.55)" id.uniquename="msdyn_Mscrm.CanWritePrimary!0">
          <package>PowerAppsActions_Anchor (9.1.0.55)</package>
        </Required>
        <Dependent type="appaction_appactionrule_classicrules" displayName="appactionid.uniquename=tfl__Mscrm.Form.%7B!EntityLogicalName%7D.Activate!tfl_ObservationsManagement!tfl_observation!0,appactionruleid.uniquename=msdyn_Mscrm.CanWritePrimary!0" id.appactionid.uniquename="tfl__Mscrm.Form.{!EntityLogicalName}.Activate!tfl_ObservationsManagement!tfl_observation!0" id.appactionruleid.uniquename="msdyn_Mscrm.CanWritePrimary!0" />
      </MissingDependency>
      <MissingDependency>
        <Required type="appactionrule" displayName="msdyn_Mscrm.CanWritePrimary!0" solution="msdyn_SystemAppActions (9.1.0.55)" id.uniquename="msdyn_Mscrm.CanWritePrimary!0">
          <package>PowerAppsActions_Anchor (9.1.0.55)</package>
        </Required>
        <Dependent type="appaction_appactionrule_classicrules" displayName="appactionid.uniquename=tfl__Mscrm.Form.%7B!EntityLogicalName%7D.Deactivate!tfl_ObservationsManagement!tfl_observation!0,appactionruleid.uniquename=msdyn_Mscrm.CanWritePrimary!0" id.appactionid.uniquename="tfl__Mscrm.Form.{!EntityLogicalName}.Deactivate!tfl_ObservationsManagement!tfl_observation!0" id.appactionruleid.uniquename="msdyn_Mscrm.CanWritePrimary!0" />
      </MissingDependency>
      <MissingDependency>
        <Required type="appactionrule" displayName="msdyn_Mscrm.CanWritePrimary!1" solution="msdyn_SystemAppActions (9.1.0.55)" id.uniquename="msdyn_Mscrm.CanWritePrimary!1">
          <package>PowerAppsActions_Anchor (9.1.0.55)</package>
        </Required>
        <Dependent type="appaction_appactionrule_classicrules" displayName="appactionid.uniquename=tfl__Mscrm.Form.%7B!EntityLogicalName%7D.Activate!tfl_ObservationsManagement!tfl_observation!0,appactionruleid.uniquename=msdyn_Mscrm.CanWritePrimary!1" id.appactionid.uniquename="tfl__Mscrm.Form.{!EntityLogicalName}.Activate!tfl_ObservationsManagement!tfl_observation!0" id.appactionruleid.uniquename="msdyn_Mscrm.CanWritePrimary!1" />
      </MissingDependency>
      <MissingDependency>
        <Required type="appactionrule" displayName="msdyn_Mscrm.CanWritePrimary!1" solution="msdyn_SystemAppActions (9.1.0.55)" id.uniquename="msdyn_Mscrm.CanWritePrimary!1">
          <package>PowerAppsActions_Anchor (9.1.0.55)</package>
        </Required>
        <Dependent type="appaction_appactionrule_classicrules" displayName="appactionid.uniquename=tfl__Mscrm.Form.%7B!EntityLogicalName%7D.Deactivate!tfl_ObservationsManagement!tfl_observation!0,appactionruleid.uniquename=msdyn_Mscrm.CanWritePrimary!1" id.appactionid.uniquename="tfl__Mscrm.Form.{!EntityLogicalName}.Deactivate!tfl_ObservationsManagement!tfl_observation!0" id.appactionruleid.uniquename="msdyn_Mscrm.CanWritePrimary!1" />
      </MissingDependency>
      <MissingDependency>
        <Required type="appactionrule" displayName="msdyn_Mscrm.OutlookRenderTypeWeb!1" solution="msdyn_SystemAppActions (9.1.0.55)" id.uniquename="msdyn_Mscrm.OutlookRenderTypeWeb!1">
          <package>PowerAppsActions_Anchor (9.1.0.55)</package>
        </Required>
        <Dependent type="appaction_appactionrule_classicrules" displayName="appactionid.uniquename=tfl__Mscrm.Form.%7B!EntityLogicalName%7D.Activate!tfl_ObservationsManagement!tfl_observation!0,appactionruleid.uniquename=msdyn_Mscrm.OutlookRenderTypeWeb!1" id.appactionid.uniquename="tfl__Mscrm.Form.{!EntityLogicalName}.Activate!tfl_ObservationsManagement!tfl_observation!0" id.appactionruleid.uniquename="msdyn_Mscrm.OutlookRenderTypeWeb!1" />
      </MissingDependency>
      <MissingDependency>
        <Required type="appactionrule" displayName="msdyn_Mscrm.OutlookRenderTypeWeb!1" solution="msdyn_SystemAppActions (9.1.0.55)" id.uniquename="msdyn_Mscrm.OutlookRenderTypeWeb!1">
          <package>PowerAppsActions_Anchor (9.1.0.55)</package>
        </Required>
        <Dependent type="appaction_appactionrule_classicrules" displayName="appactionid.uniquename=tfl__Mscrm.Form.%7B!EntityLogicalName%7D.Deactivate!tfl_ObservationsManagement!tfl_observation!0,appactionruleid.uniquename=msdyn_Mscrm.OutlookRenderTypeWeb!1" id.appactionid.uniquename="tfl__Mscrm.Form.{!EntityLogicalName}.Deactivate!tfl_ObservationsManagement!tfl_observation!0" id.appactionruleid.uniquename="msdyn_Mscrm.OutlookRenderTypeWeb!1" />
      </MissingDependency>
      <MissingDependency>
        <Required type="appactionrule" displayName="msdyn_Mscrm.PrimaryEntityHasStatecode!1" solution="msdyn_SystemAppActions (9.1.0.55)" id.uniquename="msdyn_Mscrm.PrimaryEntityHasStatecode!1">
          <package>PowerAppsActions_Anchor (9.1.0.55)</package>
        </Required>
        <Dependent type="appaction_appactionrule_classicrules" displayName="appactionid.uniquename=tfl__Mscrm.Form.%7B!EntityLogicalName%7D.Activate!tfl_ObservationsManagement!tfl_observation!0,appactionruleid.uniquename=msdyn_Mscrm.PrimaryEntityHasStatecode!1" id.appactionid.uniquename="tfl__Mscrm.Form.{!EntityLogicalName}.Activate!tfl_ObservationsManagement!tfl_observation!0" id.appactionruleid.uniquename="msdyn_Mscrm.PrimaryEntityHasStatecode!1" />
      </MissingDependency>
      <MissingDependency>
        <Required type="appactionrule" displayName="msdyn_Mscrm.PrimaryEntityHasStatecode!1" solution="msdyn_SystemAppActions (9.1.0.55)" id.uniquename="msdyn_Mscrm.PrimaryEntityHasStatecode!1">
          <package>PowerAppsActions_Anchor (9.1.0.55)</package>
        </Required>
        <Dependent type="appaction_appactionrule_classicrules" displayName="appactionid.uniquename=tfl__Mscrm.Form.%7B!EntityLogicalName%7D.Deactivate!tfl_ObservationsManagement!tfl_observation!0,appactionruleid.uniquename=msdyn_Mscrm.PrimaryEntityHasStatecode!1" id.appactionid.uniquename="tfl__Mscrm.Form.{!EntityLogicalName}.Deactivate!tfl_ObservationsManagement!tfl_observation!0" id.appactionruleid.uniquename="msdyn_Mscrm.PrimaryEntityHasStatecode!1" />
      </MissingDependency>
      <MissingDependency>
        <Required type="appactionrule" displayName="msdyn_Mscrm.PrimaryIsActive!1" solution="msdyn_SystemAppActions (9.1.0.55)" id.uniquename="msdyn_Mscrm.PrimaryIsActive!1">
          <package>PowerAppsActions_Anchor (9.1.0.55)</package>
        </Required>
        <Dependent type="appaction_appactionrule_classicrules" displayName="appactionid.uniquename=tfl__Mscrm.Form.%7B!EntityLogicalName%7D.Deactivate!tfl_ObservationsManagement!tfl_observation!0,appactionruleid.uniquename=msdyn_Mscrm.PrimaryIsActive!1" id.appactionid.uniquename="tfl__Mscrm.Form.{!EntityLogicalName}.Deactivate!tfl_ObservationsManagement!tfl_observation!0" id.appactionruleid.uniquename="msdyn_Mscrm.PrimaryIsActive!1" />
      </MissingDependency>
      <MissingDependency>
        <Required type="appactionrule" displayName="msdyn_Mscrm.PrimaryIsInactive!1" solution="msdyn_SystemAppActions (9.1.0.55)" id.uniquename="msdyn_Mscrm.PrimaryIsInactive!1">
          <package>PowerAppsActions_Anchor (9.1.0.55)</package>
        </Required>
        <Dependent type="appaction_appactionrule_classicrules" displayName="appactionid.uniquename=tfl__Mscrm.Form.%7B!EntityLogicalName%7D.Activate!tfl_ObservationsManagement!tfl_observation!0,appactionruleid.uniquename=msdyn_Mscrm.PrimaryIsInactive!1" id.appactionid.uniquename="tfl__Mscrm.Form.{!EntityLogicalName}.Activate!tfl_ObservationsManagement!tfl_observation!0" id.appactionruleid.uniquename="msdyn_Mscrm.PrimaryIsInactive!1" />
      </MissingDependency>
      <MissingDependency>
        <Required type="appactionrule" displayName="msdyn_Mscrm.PrimaryIsNotActivity!1" solution="msdyn_SystemAppActions (9.1.0.55)" id.uniquename="msdyn_Mscrm.PrimaryIsNotActivity!1">
          <package>PowerAppsActions_Anchor (9.1.0.55)</package>
        </Required>
        <Dependent type="appaction_appactionrule_classicrules" displayName="appactionid.uniquename=tfl__Mscrm.Form.%7B!EntityLogicalName%7D.Activate!tfl_ObservationsManagement!tfl_observation!0,appactionruleid.uniquename=msdyn_Mscrm.PrimaryIsNotActivity!1" id.appactionid.uniquename="tfl__Mscrm.Form.{!EntityLogicalName}.Activate!tfl_ObservationsManagement!tfl_observation!0" id.appactionruleid.uniquename="msdyn_Mscrm.PrimaryIsNotActivity!1" />
      </MissingDependency>
      <MissingDependency>
        <Required type="appactionrule" displayName="msdyn_Mscrm.PrimaryIsNotActivity!1" solution="msdyn_SystemAppActions (9.1.0.55)" id.uniquename="msdyn_Mscrm.PrimaryIsNotActivity!1">
          <package>PowerAppsActions_Anchor (9.1.0.55)</package>
        </Required>
        <Dependent type="appaction_appactionrule_classicrules" displayName="appactionid.uniquename=tfl__Mscrm.Form.%7B!EntityLogicalName%7D.Deactivate!tfl_ObservationsManagement!tfl_observation!0,appactionruleid.uniquename=msdyn_Mscrm.PrimaryIsNotActivity!1" id.appactionid.uniquename="tfl__Mscrm.Form.{!EntityLogicalName}.Deactivate!tfl_ObservationsManagement!tfl_observation!0" id.appactionruleid.uniquename="msdyn_Mscrm.PrimaryIsNotActivity!1" />
      </MissingDependency>
      <MissingDependency>
        <Required type="SettingDefinition" displayName="AppChannel" solution="msdyn_AppFrameworkInfraExtensions (1.0.0.12)" id.uniquename="AppChannel">
          <package>PowerAppsAppFramework_Anchor (1.0.0.16)</package>
        </Required>
        <Dependent type="AppSetting" displayName="parentappmoduleid.uniquename=tfl_ObservationsManagement,settingdefinitionid.uniquename=AppChannel" id.parentappmoduleid.uniquename="tfl_ObservationsManagement" id.settingdefinitionid.uniquename="AppChannel" />
      </MissingDependency>
    </MissingDependencies>
  </SolutionManifest>
</ImportExportXml>