<ImportExportXml version="9.2.24095.208" SolutionPackageVersion="9.2" languagecode="1033" generatedBy="CrmLive" xmlns:xsi="http://www.w3.org/2001/XMLSchema-instance" OrganizationVersion="9.2.24095.208" OrganizationSchemaType="Full" CRMServerServiceabilityVersion="9.2.24095.00210">
  <SolutionManifest>
    <UniqueName>TFLNetworkObservations</UniqueName>
    <LocalizedNames>
      <LocalizedName description="TFL Network Observations" languagecode="1033" />
    </LocalizedNames>
    <Descriptions>
      <Description description="TFL Network Observations Solution" languagecode="1033" />
    </Descriptions>
    <Version>1.0.0.21</Version>
    <Managed>0</Managed>
    <Publisher>
      <UniqueName>Transport_for_London</UniqueName>
      <LocalizedNames>
        <LocalizedName description="Transport for London" languagecode="1033" />
      </LocalizedNames>
      <Descriptions>
        <Description description="Transport for London" languagecode="1033" />
      </Descriptions>
      <EMailAddress>mehul.chandroliya@gmail.com</EMailAddress>
      <SupportingWebsiteUrl xsi:nil="true"></SupportingWebsiteUrl>
      <CustomizationPrefix>tfl</CustomizationPrefix>
      <CustomizationOptionValuePrefix>92970</CustomizationOptionValuePrefix>
      <Addresses>
        <Address>
          <AddressNumber>1</AddressNumber>
          <AddressTypeCode>1</AddressTypeCode>
          <City>London</City>
          <County xsi:nil="true"></County>
          <Country>United Kingdom</Country>
          <Fax xsi:nil="true"></Fax>
          <FreightTermsCode xsi:nil="true"></FreightTermsCode>
          <ImportSequenceNumber xsi:nil="true"></ImportSequenceNumber>
          <Latitude xsi:nil="true"></Latitude>
          <Line1 xsi:nil="true"></Line1>
          <Line2 xsi:nil="true"></Line2>
          <Line3 xsi:nil="true"></Line3>
          <Longitude xsi:nil="true"></Longitude>
          <Name xsi:nil="true"></Name>
          <PostalCode>E15 1LX</PostalCode>
          <PostOfficeBox xsi:nil="true"></PostOfficeBox>
          <PrimaryContactName xsi:nil="true"></PrimaryContactName>
          <ShippingMethodCode>1</ShippingMethodCode>
          <StateOrProvince xsi:nil="true"></StateOrProvince>
          <Telephone1>07442260050</Telephone1>
          <Telephone2 xsi:nil="true"></Telephone2>
          <Telephone3 xsi:nil="true"></Telephone3>
          <TimeZoneRuleVersionNumber xsi:nil="true"></TimeZoneRuleVersionNumber>
          <UPSZone xsi:nil="true"></UPSZone>
          <UTCOffset xsi:nil="true"></UTCOffset>
          <UTCConversionTimeZoneCode xsi:nil="true"></UTCConversionTimeZoneCode>
        </Address>
        <Address>
          <AddressNumber>2</AddressNumber>
          <AddressTypeCode>1</AddressTypeCode>
          <City xsi:nil="true"></City>
          <County xsi:nil="true"></County>
          <Country xsi:nil="true"></Country>
          <Fax xsi:nil="true"></Fax>
          <FreightTermsCode xsi:nil="true"></FreightTermsCode>
          <ImportSequenceNumber xsi:nil="true"></ImportSequenceNumber>
          <Latitude xsi:nil="true"></Latitude>
          <Line1 xsi:nil="true"></Line1>
          <Line2 xsi:nil="true"></Line2>
          <Line3 xsi:nil="true"></Line3>
          <Longitude xsi:nil="true"></Longitude>
          <Name xsi:nil="true"></Name>
          <PostalCode xsi:nil="true"></PostalCode>
          <PostOfficeBox xsi:nil="true"></PostOfficeBox>
          <PrimaryContactName xsi:nil="true"></PrimaryContactName>
          <ShippingMethodCode>1</ShippingMethodCode>
          <StateOrProvince xsi:nil="true"></StateOrProvince>
          <Telephone1 xsi:nil="true"></Telephone1>
          <Telephone2 xsi:nil="true"></Telephone2>
          <Telephone3 xsi:nil="true"></Telephone3>
          <TimeZoneRuleVersionNumber xsi:nil="true"></TimeZoneRuleVersionNumber>
          <UPSZone xsi:nil="true"></UPSZone>
          <UTCOffset xsi:nil="true"></UTCOffset>
          <UTCConversionTimeZoneCode xsi:nil="true"></UTCConversionTimeZoneCode>
        </Address>
      </Addresses>
    </Publisher>
    <RootComponents>
      <RootComponent type="1" schemaName="contact" behavior="1" />
      <RootComponent type="1" schemaName="incident" behavior="1" />
      <RootComponent type="1" schemaName="systemuser" behavior="1" />
      <RootComponent type="1" schemaName="tfl_observation" behavior="0" />
      <RootComponent type="1" schemaName="tfl_observationattachment" behavior="0" />
      <RootComponent type="9" schemaName="tfl_imageoverlayedstatus" behavior="0" />
      <RootComponent type="9" schemaName="tfl_observationpriority" behavior="0" />
      <RootComponent type="20" id="{32363269-4596-ef11-8a69-7c1e520c9258}" behavior="0" />
      <RootComponent type="20" id="{805d4306-4796-ef11-8a69-7c1e520c9258}" behavior="0" />
      <RootComponent type="29" id="{2eb3f81a-9297-ef11-8a69-7c1e520c9258}" behavior="0" />
      <RootComponent type="29" id="{78ea8aeb-dd97-ef11-8a69-7c1e520c9258}" behavior="0" />
      <RootComponent type="29" id="{84c83093-1a97-ef11-8a69-7c1e520c9258}" behavior="0" />
      <RootComponent type="36" id="{9f9e5fbe-ac97-ef11-8a69-7c1e520c9258}" behavior="0" />
      <RootComponent type="61" schemaName="tfl_observation.js" behavior="0" />
      <RootComponent type="61" schemaName="tfl_observationIcon" behavior="0" />
      <RootComponent type="62" schemaName="tfl_ObservationsManagement" behavior="0" />
      <RootComponent type="80" schemaName="tfl_ObservationsManagement" behavior="0" />
      <RootComponent type="91" id="{62685aa8-0cbd-4797-9261-3972474c8200}" schemaName="Tfl.Dynamic.Observation.Plugins, Version=1.0.20.0, Culture=neutral, PublicKeyToken=0d8076647b29fd57" behavior="0" />
      <RootComponent type="92" id="{4e0ada84-e697-ef11-8a69-7c1e520c9258}" behavior="0" />
      <RootComponent type="92" id="{7b793d81-3c96-ef11-8a69-7c1e520c9258}" behavior="0" />
      <RootComponent type="161" id="{5395326f-4c99-ef11-8a69-7c1e520c9258}" behavior="0" />
      <RootComponent type="300" schemaName="cre12_tflnetworkobservation_65ecd" behavior="0" />
      <RootComponent type="300" schemaName="tfl_observationsmanagementdefaultcommandlibrary_c0011" behavior="0" />
      <RootComponent type="431" schemaName="tfl_observationattachment tfl_photo" behavior="0" />
      <RootComponent type="432" schemaName="tfl_observationattachment" behavior="0" />
    </RootComponents>
    <MissingDependencies>
      <MissingDependency>
        <Required type="1" schemaName="incident" displayName="Case" solution="msdynce_Service (9.0.5.56)">
          <package>msdynce_ServiceAnchor (9.0.24093.1008)</package>
        </Required>
        <Dependent type="1" schemaName="incident" displayName="Case" />
      </MissingDependency>
      <MissingDependency>
        <Required type="1" schemaName="incident" displayName="Case" solution="msdynce_Service (9.0.5.56)">
          <package>msdynce_ServiceAnchor (9.0.24093.1008)</package>
        </Required>
        <Dependent type="29" displayName="TFL - Escalate Network Observation to Operation Team" id="{84c83093-1a97-ef11-8a69-7c1e520c9258}" />
      </MissingDependency>
      <MissingDependency>
        <Required type="1" schemaName="incident" displayName="Case" solution="msdynce_Service (9.0.5.56)">
          <package>msdynce_ServiceAnchor (9.0.24093.1008)</package>
        </Required>
        <Dependent type="36" displayName="TFL - Case Creation Email to Observer Template" id="{9f9e5fbe-ac97-ef11-8a69-7c1e520c9258}" />
      </MissingDependency>
      <MissingDependency>
        <Required type="1" schemaName="incident" displayName="Case" solution="msdynce_Service (9.0.5.56)">
          <package>msdynce_ServiceAnchor (9.0.24093.1008)</package>
        </Required>
        <Dependent type="62" schemaName="tfl_ObservationsManagement" />
      </MissingDependency>
      <MissingDependency>
        <Required type="1" schemaName="incident" displayName="Case" solution="msdynce_Service (9.0.5.56)">
          <package>msdynce_ServiceAnchor (9.0.24093.1008)</package>
        </Required>
        <Dependent type="80" schemaName="tfl_ObservationsManagement" displayName="TFL Network Observations Management" />
      </MissingDependency>
      <MissingDependency>
        <Required type="2" schemaName="customerid" displayName="Customer" parentSchemaName="incident" parentDisplayName="Case" solution="msdynce_Service (9.0.5.56)">
          <package>msdynce_ServiceAnchor (9.0.24093.1008)</package>
        </Required>
        <Dependent type="36" displayName="TFL - Case Creation Email to Observer Template" id="{9f9e5fbe-ac97-ef11-8a69-7c1e520c9258}" />
      </MissingDependency>
      <MissingDependency>
        <Required type="2" schemaName="incidentid" displayName="Case" parentSchemaName="incident" parentDisplayName="Case" solution="msdynce_Service (9.0.5.56)">
          <package>msdynce_ServiceAnchor (9.0.24093.1008)</package>
        </Required>
        <Dependent type="36" displayName="TFL - Case Creation Email to Observer Template" id="{9f9e5fbe-ac97-ef11-8a69-7c1e520c9258}" />
      </MissingDependency>
      <MissingDependency>
        <Required type="2" schemaName="ticketnumber" displayName="Case Number" parentSchemaName="incident" parentDisplayName="Case" solution="msdynce_Service (9.0.5.56)">
          <package>msdynce_ServiceAnchor (9.0.24093.1008)</package>
        </Required>
        <Dependent type="36" displayName="TFL - Case Creation Email to Observer Template" id="{9f9e5fbe-ac97-ef11-8a69-7c1e520c9258}" />
      </MissingDependency>
      <MissingDependency>
        <Required type="2" schemaName="title" displayName="Case Title" parentSchemaName="incident" parentDisplayName="Case" solution="msdynce_Service (9.0.5.56)">
          <package>msdynce_ServiceAnchor (9.0.24093.1008)</package>
        </Required>
        <Dependent type="10" schemaName="tfl_observation_Case_incident" displayName="tfl_observation_Case_incident" parentSchemaName="incident" parentDisplayName="Case" />
      </MissingDependency>
      <MissingDependency>
        <Required type="2" schemaName="title" displayName="Case Title" parentSchemaName="incident" parentDisplayName="Case" solution="msdynce_Service (9.0.5.56)">
          <package>msdynce_ServiceAnchor (9.0.24093.1008)</package>
        </Required>
        <Dependent type="36" displayName="TFL - Case Creation Email to Observer Template" id="{9f9e5fbe-ac97-ef11-8a69-7c1e520c9258}" />
      </MissingDependency>
      <MissingDependency>
        <Required type="61" schemaName="msdyn_/Images/AppModule_Default_Icon.png" displayName="msdyn_/Images/AppModule_Default_Icon.png" solution="AppModuleWebResources (2.5)" />
        <Dependent type="80" schemaName="tfl_ObservationsManagement" displayName="TFL Network Observations Management" />
      </MissingDependency>
      <MissingDependency>
        <Required type="66" schemaName="MscrmControls.AcceleratedSales.AnchorShellGridControl" displayName="MscrmControls.AcceleratedSales.AnchorShellGridControl" solution="msdyn_acceleratedsales (9.1.24095.10006)">
          <package>msdyn_AcceleratedSalesAnchor (9.1.24095.10006)</package>
        </Required>
        <Dependent type="68" id="{f90150a1-c58c-49e0-a78c-e0c406e6be86}" />
      </MissingDependency>
      <MissingDependency>
        <Required type="66" schemaName="MscrmControls.FieldControls.ToggleControl" displayName="MscrmControls.FieldControls.ToggleControl" solution="BaseCustomControlsCore (9.0.2409.5009)">
          <package>BaseCustomControlsCore (9.0.2409.5009)</package>
        </Required>
        <Dependent type="60" displayName="Information" parentDisplayName="Observation" id="{0bb49526-d070-4320-b103-a444d0ea213e}" />
      </MissingDependency>
      <MissingDependency>
        <Required type="66" schemaName="MscrmControls.Grid.GridControl" displayName="MscrmControls.Grid.GridControl" solution="BaseCustomControlsCore (9.0.2409.5009)">
          <package>BaseCustomControlsCore (9.0.2409.5009)</package>
        </Required>
        <Dependent type="60" displayName="Information" parentDisplayName="Observation" id="{0bb49526-d070-4320-b103-a444d0ea213e}" />
      </MissingDependency>
      <MissingDependency>
        <Required type="66" schemaName="MscrmControls.OptionSet.OptionSetControl" displayName="MscrmControls.OptionSet.OptionSetControl" solution="CustomControlsCore (9.2.24095.00208)">
          <package>CustomControlsCore (9.2.24095.00208)</package>
        </Required>
        <Dependent type="60" displayName="Information" parentDisplayName="Observation" id="{0bb49526-d070-4320-b103-a444d0ea213e}" />
      </MissingDependency>
      <MissingDependency>
        <Required type="appactionrule" displayName="msdyn_Mscrm.CanWritePrimary!0" solution="msdyn_SystemAppActions (9.1.0.55)" id.uniquename="msdyn_Mscrm.CanWritePrimary!0">
          <package>PowerAppsActions_Anchor (9.1.0.55)</package>
        </Required>
        <Dependent type="appaction_appactionrule_classicrules" displayName="appactionid.uniquename=tfl__Mscrm.Form.%7B!EntityLogicalName%7D.Activate!tfl_ObservationsManagement!tfl_observation!0,appactionruleid.uniquename=msdyn_Mscrm.CanWritePrimary!0" id.appactionid.uniquename="tfl__Mscrm.Form.{!EntityLogicalName}.Activate!tfl_ObservationsManagement!tfl_observation!0" id.appactionruleid.uniquename="msdyn_Mscrm.CanWritePrimary!0" />
      </MissingDependency>
      <MissingDependency>
        <Required type="appactionrule" displayName="msdyn_Mscrm.CanWritePrimary!0" solution="msdyn_SystemAppActions (9.1.0.55)" id.uniquename="msdyn_Mscrm.CanWritePrimary!0">
          <package>PowerAppsActions_Anchor (9.1.0.55)</package>
        </Required>
        <Dependent type="appaction_appactionrule_classicrules" displayName="appactionid.uniquename=tfl__Mscrm.Form.%7B!EntityLogicalName%7D.Deactivate!tfl_ObservationsManagement!tfl_observation!0,appactionruleid.uniquename=msdyn_Mscrm.CanWritePrimary!0" id.appactionid.uniquename="tfl__Mscrm.Form.{!EntityLogicalName}.Deactivate!tfl_ObservationsManagement!tfl_observation!0" id.appactionruleid.uniquename="msdyn_Mscrm.CanWritePrimary!0" />
      </MissingDependency>
      <MissingDependency>
        <Required type="appactionrule" displayName="msdyn_Mscrm.CanWritePrimary!1" solution="msdyn_SystemAppActions (9.1.0.55)" id.uniquename="msdyn_Mscrm.CanWritePrimary!1">
          <package>PowerAppsActions_Anchor (9.1.0.55)</package>
        </Required>
        <Dependent type="appaction_appactionrule_classicrules" displayName="appactionid.uniquename=tfl__Mscrm.Form.%7B!EntityLogicalName%7D.Activate!tfl_ObservationsManagement!tfl_observation!0,appactionruleid.uniquename=msdyn_Mscrm.CanWritePrimary!1" id.appactionid.uniquename="tfl__Mscrm.Form.{!EntityLogicalName}.Activate!tfl_ObservationsManagement!tfl_observation!0" id.appactionruleid.uniquename="msdyn_Mscrm.CanWritePrimary!1" />
      </MissingDependency>
      <MissingDependency>
        <Required type="appactionrule" displayName="msdyn_Mscrm.CanWritePrimary!1" solution="msdyn_SystemAppActions (9.1.0.55)" id.uniquename="msdyn_Mscrm.CanWritePrimary!1">
          <package>PowerAppsActions_Anchor (9.1.0.55)</package>
        </Required>
        <Dependent type="appaction_appactionrule_classicrules" displayName="appactionid.uniquename=tfl__Mscrm.Form.%7B!EntityLogicalName%7D.Deactivate!tfl_ObservationsManagement!tfl_observation!0,appactionruleid.uniquename=msdyn_Mscrm.CanWritePrimary!1" id.appactionid.uniquename="tfl__Mscrm.Form.{!EntityLogicalName}.Deactivate!tfl_ObservationsManagement!tfl_observation!0" id.appactionruleid.uniquename="msdyn_Mscrm.CanWritePrimary!1" />
      </MissingDependency>
      <MissingDependency>
        <Required type="appactionrule" displayName="msdyn_Mscrm.OutlookRenderTypeWeb!1" solution="msdyn_SystemAppActions (9.1.0.55)" id.uniquename="msdyn_Mscrm.OutlookRenderTypeWeb!1">
          <package>PowerAppsActions_Anchor (9.1.0.55)</package>
        </Required>
        <Dependent type="appaction_appactionrule_classicrules" displayName="appactionid.uniquename=tfl__Mscrm.Form.%7B!EntityLogicalName%7D.Activate!tfl_ObservationsManagement!tfl_observation!0,appactionruleid.uniquename=msdyn_Mscrm.OutlookRenderTypeWeb!1" id.appactionid.uniquename="tfl__Mscrm.Form.{!EntityLogicalName}.Activate!tfl_ObservationsManagement!tfl_observation!0" id.appactionruleid.uniquename="msdyn_Mscrm.OutlookRenderTypeWeb!1" />
      </MissingDependency>
      <MissingDependency>
        <Required type="appactionrule" displayName="msdyn_Mscrm.OutlookRenderTypeWeb!1" solution="msdyn_SystemAppActions (9.1.0.55)" id.uniquename="msdyn_Mscrm.OutlookRenderTypeWeb!1">
          <package>PowerAppsActions_Anchor (9.1.0.55)</package>
        </Required>
        <Dependent type="appaction_appactionrule_classicrules" displayName="appactionid.uniquename=tfl__Mscrm.Form.%7B!EntityLogicalName%7D.Deactivate!tfl_ObservationsManagement!tfl_observation!0,appactionruleid.uniquename=msdyn_Mscrm.OutlookRenderTypeWeb!1" id.appactionid.uniquename="tfl__Mscrm.Form.{!EntityLogicalName}.Deactivate!tfl_ObservationsManagement!tfl_observation!0" id.appactionruleid.uniquename="msdyn_Mscrm.OutlookRenderTypeWeb!1" />
      </MissingDependency>
      <MissingDependency>
        <Required type="appactionrule" displayName="msdyn_Mscrm.PrimaryEntityHasStatecode!1" solution="msdyn_SystemAppActions (9.1.0.55)" id.uniquename="msdyn_Mscrm.PrimaryEntityHasStatecode!1">
          <package>PowerAppsActions_Anchor (9.1.0.55)</package>
        </Required>
        <Dependent type="appaction_appactionrule_classicrules" displayName="appactionid.uniquename=tfl__Mscrm.Form.%7B!EntityLogicalName%7D.Activate!tfl_ObservationsManagement!tfl_observation!0,appactionruleid.uniquename=msdyn_Mscrm.PrimaryEntityHasStatecode!1" id.appactionid.uniquename="tfl__Mscrm.Form.{!EntityLogicalName}.Activate!tfl_ObservationsManagement!tfl_observation!0" id.appactionruleid.uniquename="msdyn_Mscrm.PrimaryEntityHasStatecode!1" />
      </MissingDependency>
      <MissingDependency>
        <Required type="appactionrule" displayName="msdyn_Mscrm.PrimaryEntityHasStatecode!1" solution="msdyn_SystemAppActions (9.1.0.55)" id.uniquename="msdyn_Mscrm.PrimaryEntityHasStatecode!1">
          <package>PowerAppsActions_Anchor (9.1.0.55)</package>
        </Required>
        <Dependent type="appaction_appactionrule_classicrules" displayName="appactionid.uniquename=tfl__Mscrm.Form.%7B!EntityLogicalName%7D.Deactivate!tfl_ObservationsManagement!tfl_observation!0,appactionruleid.uniquename=msdyn_Mscrm.PrimaryEntityHasStatecode!1" id.appactionid.uniquename="tfl__Mscrm.Form.{!EntityLogicalName}.Deactivate!tfl_ObservationsManagement!tfl_observation!0" id.appactionruleid.uniquename="msdyn_Mscrm.PrimaryEntityHasStatecode!1" />
      </MissingDependency>
      <MissingDependency>
        <Required type="appactionrule" displayName="msdyn_Mscrm.PrimaryIsActive!1" solution="msdyn_SystemAppActions (9.1.0.55)" id.uniquename="msdyn_Mscrm.PrimaryIsActive!1">
          <package>PowerAppsActions_Anchor (9.1.0.55)</package>
        </Required>
        <Dependent type="appaction_appactionrule_classicrules" displayName="appactionid.uniquename=tfl__Mscrm.Form.%7B!EntityLogicalName%7D.Deactivate!tfl_ObservationsManagement!tfl_observation!0,appactionruleid.uniquename=msdyn_Mscrm.PrimaryIsActive!1" id.appactionid.uniquename="tfl__Mscrm.Form.{!EntityLogicalName}.Deactivate!tfl_ObservationsManagement!tfl_observation!0" id.appactionruleid.uniquename="msdyn_Mscrm.PrimaryIsActive!1" />
      </MissingDependency>
      <MissingDependency>
        <Required type="appactionrule" displayName="msdyn_Mscrm.PrimaryIsInactive!1" solution="msdyn_SystemAppActions (9.1.0.55)" id.uniquename="msdyn_Mscrm.PrimaryIsInactive!1">
          <package>PowerAppsActions_Anchor (9.1.0.55)</package>
        </Required>
        <Dependent type="appaction_appactionrule_classicrules" displayName="appactionid.uniquename=tfl__Mscrm.Form.%7B!EntityLogicalName%7D.Activate!tfl_ObservationsManagement!tfl_observation!0,appactionruleid.uniquename=msdyn_Mscrm.PrimaryIsInactive!1" id.appactionid.uniquename="tfl__Mscrm.Form.{!EntityLogicalName}.Activate!tfl_ObservationsManagement!tfl_observation!0" id.appactionruleid.uniquename="msdyn_Mscrm.PrimaryIsInactive!1" />
      </MissingDependency>
      <MissingDependency>
        <Required type="appactionrule" displayName="msdyn_Mscrm.PrimaryIsNotActivity!1" solution="msdyn_SystemAppActions (9.1.0.55)" id.uniquename="msdyn_Mscrm.PrimaryIsNotActivity!1">
          <package>PowerAppsActions_Anchor (9.1.0.55)</package>
        </Required>
        <Dependent type="appaction_appactionrule_classicrules" displayName="appactionid.uniquename=tfl__Mscrm.Form.%7B!EntityLogicalName%7D.Activate!tfl_ObservationsManagement!tfl_observation!0,appactionruleid.uniquename=msdyn_Mscrm.PrimaryIsNotActivity!1" id.appactionid.uniquename="tfl__Mscrm.Form.{!EntityLogicalName}.Activate!tfl_ObservationsManagement!tfl_observation!0" id.appactionruleid.uniquename="msdyn_Mscrm.PrimaryIsNotActivity!1" />
      </MissingDependency>
      <MissingDependency>
        <Required type="appactionrule" displayName="msdyn_Mscrm.PrimaryIsNotActivity!1" solution="msdyn_SystemAppActions (9.1.0.55)" id.uniquename="msdyn_Mscrm.PrimaryIsNotActivity!1">
          <package>PowerAppsActions_Anchor (9.1.0.55)</package>
        </Required>
        <Dependent type="appaction_appactionrule_classicrules" displayName="appactionid.uniquename=tfl__Mscrm.Form.%7B!EntityLogicalName%7D.Deactivate!tfl_ObservationsManagement!tfl_observation!0,appactionruleid.uniquename=msdyn_Mscrm.PrimaryIsNotActivity!1" id.appactionid.uniquename="tfl__Mscrm.Form.{!EntityLogicalName}.Deactivate!tfl_ObservationsManagement!tfl_observation!0" id.appactionruleid.uniquename="msdyn_Mscrm.PrimaryIsNotActivity!1" />
      </MissingDependency>
      <MissingDependency>
        <Required type="SettingDefinition" displayName="AppChannel" solution="msdyn_AppFrameworkInfraExtensions (1.0.0.12)" id.uniquename="AppChannel">
          <package>PowerAppsAppFramework_Anchor (1.0.0.16)</package>
        </Required>
        <Dependent type="AppSetting" displayName="parentappmoduleid.uniquename=tfl_ObservationsManagement,settingdefinitionid.uniquename=AppChannel" id.parentappmoduleid.uniquename="tfl_ObservationsManagement" id.settingdefinitionid.uniquename="AppChannel" />
      </MissingDependency>
    </MissingDependencies>
  </SolutionManifest>
</ImportExportXml>