<appaction uniquename="tfl__OverlayImage!ef7d58f024a64839aac284d5a36556ab!tfl_ObservationsManagement!tfl_observationattachment!2">
  <appmoduleid>
    <uniquename>tfl_ObservationsManagement</uniquename>
  </appmoduleid>
  <buttonlabeltext default="Overlay Image">
    <label description="Overlay Image" languagecode="1033" />
  </buttonlabeltext>
  <context>1</context>
  <contextentity>
    <logicalname>tfl_observationattachment</logicalname>
  </contextentity>
  <contextvalue>tfl_observationattachment</contextvalue>
  <hidden>0</hidden>
  <iscustomizable>1</iscustomizable>
  <isdisabled>0</isdisabled>
  <isgrouptitlehidden>0</isgrouptitlehidden>
  <location>2</location>
  <name>OverlayImage!ef7d58f024a64839aac284d5a36556ab</name>
  <onclickeventformulacomponentlibraryid>
    <name>tfl_observationsmanagementdefaultcommandlibrary_c0011</name>
  </onclickeventformulacomponentlibraryid>
  <onclickeventformulacomponentname>8dc79893ee774dc48c2ffa000a2dbad7</onclickeventformulacomponentname>
  <onclickeventformulafunctionname>OnSelect</onclickeventformulafunctionname>
  <onclickeventtype>1</onclickeventtype>
  <origin>0</origin>
  <sequence>50050000.5000000000</sequence>
  <statecode>0</statecode>
  <statuscode>1</statuscode>
  <type>0</type>
  <visibilityformulacomponentlibraryid>
    <name>tfl_observationsmanagementdefaultcommandlibrary_c0011</name>
  </visibilityformulacomponentlibraryid>
  <visibilityformulacomponentname>8dc79893ee774dc48c2ffa000a2dbad7</visibilityformulacomponentname>
  <visibilityformulafunctionname>Visible</visibilityformulafunctionname>
  <visibilitytype>1</visibilitytype>
</appaction>