<appaction uniquename="tfl__Review!017a4a1086244420bb08fd53aea01522!tfl_ObservationsManagement!tfl_observation!0">
  <appmoduleid>
    <uniquename>tfl_ObservationsManagement</uniquename>
  </appmoduleid>
  <buttonlabeltext default="Reviewed">
    <label description="Reviewed" languagecode="1033" />
  </buttonlabeltext>
  <buttontooltiptitle default="Review Network Observation">
    <label description="Review Network Observation" languagecode="1033" />
  </buttontooltiptitle>
  <context>1</context>
  <contextentity>
    <logicalname>tfl_observation</logicalname>
  </contextentity>
  <contextvalue>tfl_observation</contextvalue>
  <fonticon>EventAccepted</fonticon>
  <hidden>0</hidden>
  <iscustomizable>1</iscustomizable>
  <isdisabled>0</isdisabled>
  <isgrouptitlehidden>0</isgrouptitlehidden>
  <location>0</location>
  <name>Review!017a4a1086244420bb08fd53aea01522</name>
  <onclickeventformulacomponentlibraryid>
    <name>tfl_observationsmanagementdefaultcommandlibrary_c0011</name>
  </onclickeventformulacomponentlibraryid>
  <onclickeventformulacomponentname>2cc43e2a7e734aa3b3b076a0258296f7</onclickeventformulacomponentname>
  <onclickeventformulafunctionname>OnSelect</onclickeventformulafunctionname>
  <onclickeventtype>1</onclickeventtype>
  <origin>0</origin>
  <sequence>100100056.5000000000</sequence>
  <statecode>0</statecode>
  <statuscode>1</statuscode>
  <type>0</type>
  <visibilityformulacomponentlibraryid>
    <name>tfl_observationsmanagementdefaultcommandlibrary_c0011</name>
  </visibilityformulacomponentlibraryid>
  <visibilityformulacomponentname>2cc43e2a7e734aa3b3b076a0258296f7</visibilityformulacomponentname>
  <visibilityformulafunctionname>Visible</visibilityformulafunctionname>
  <visibilitytype>1</visibilitytype>
</appaction>