<duplicaterule uniquename="drf7d7005289d13d08c18766bca5edfd63d1292aed437e2b790f794f459aa407b2">
  <baseentityname>contact</baseentityname>
  <description>TFL - Duplicate Contact by First Name, Last Name and Primary Email</description>
  <excludeinactiverecords>0</excludeinactiverecords>
  <iscasesensitive>0</iscasesensitive>
  <iscustomizable>1</iscustomizable>
  <matchingentityname>contact</matchingentityname>
  <name>TFL - Duplicate Contact by First Name, Last Name and Primary Email</name>
  <duplicateruleconditions>
    <duplicaterulecondition baseattributename="emailaddress1" matchingattributename="emailaddress1" operatorcode="0" uniquerulename="drf7d7005289d13d08c18766bca5edfd63d1292aed437e2b790f794f459aa407b2">
      <ignoreblankvalues>0</ignoreblankvalues>
      <iscustomizable>1</iscustomizable>
    </duplicaterulecondition>
    <duplicaterulecondition baseattributename="firstname" matchingattributename="firstname" operatorcode="0" uniquerulename="drf7d7005289d13d08c18766bca5edfd63d1292aed437e2b790f794f459aa407b2">
      <ignoreblankvalues>0</ignoreblankvalues>
      <iscustomizable>1</iscustomizable>
    </duplicaterulecondition>
    <duplicaterulecondition baseattributename="lastname" matchingattributename="lastname" operatorcode="0" uniquerulename="drf7d7005289d13d08c18766bca5edfd63d1292aed437e2b790f794f459aa407b2">
      <ignoreblankvalues>0</ignoreblankvalues>
      <iscustomizable>1</iscustomizable>
    </duplicaterulecondition>
  </duplicateruleconditions>
</duplicaterule>